Date,Open,High,Low,Close,Volume
2021-10-06,133.47984240404816,136.45156431285815,133.28173063311934,136.268310546875,24364000
2021-10-07,137.5827746181641,138.72194355781244,137.34404899245519,137.9126434326172,25110000
2021-10-08,138.26134957359187,139.00824022807984,137.90524110595646,138.4678955078125,26526000
2021-10-11,137.97905719887984,139.3856706303846,137.55012482163005,137.6046142578125,17954000
2021-10-12,138.1652623909544,138.19201587064128,134.48032576565427,135.162841796875,36332000
2021-10-13,136.1073438593819,136.69921546698336,135.23217255462345,136.28515625,19654000
2021-10-14,138.1593163407756,140.00524590088978,137.51643176271415,139.8205108642578,31894000
2021-10-15,140.2796283145094,140.3821530750547,139.42823295670377,140.0354461669922,30274000
2021-10-18,139.74672063679765,141.4500103351122,139.7397828702763,141.4321746826172,20396000
2021-10-19,142.03593493574522,142.30835187108826,141.25586693285337,141.88685607910156,20164000
2021-10-20,141.98688902177523,142.19293614617558,140.04387612604899,140.43267822265625,23288000
2021-10-21,140.4326824733916,140.81604319627527,139.1756468498999,140.548583984375,26292000
2021-10-22,137.8383452130295,139.25783621028776,134.77351552457247,136.269775390625,50588000
2021-10-25,136.2534694690779,136.69922478778497,134.14750193472992,136.1514434814453,34412000
2021-10-26,137.95081782575454,138.76258192048442,137.000857642727,137.99539184570312,49236000
2021-10-27,138.0909489197362,147.24879949661485,138.0909489197362,144.8392333984375,85782000
2021-10-28,145.7476333234458,145.77091036411727,143.2637614743381,144.4742431640625,36206000
2021-10-29,143.71050193740845,146.84467961742357,143.28604362604932,146.65052795410156,43320000
2021-11-01,146.65054199542533,146.65054199542533,141.8754686677179,142.1444091796875,46924000
2021-11-02,143.21668904679433,145.22705422331256,142.97498573084604,144.0616455078125,33482000
2021-11-03,144.525266613303,145.286531703057,143.22811564065137,145.21620178222656,27494000
2021-11-04,145.73770266628088,148.32211896882083,144.92890116234534,146.86993408203125,38412000
2021-11-05,147.7634258058656,148.91051523572824,146.80010405976353,147.4489288330078,38354000
2021-11-08,148.41274287140487,149.19530477650676,147.03138673691146,147.62623596191406,23052000
2021-11-09,147.8263048865866,148.42213649161667,145.85703759858688,147.5147705078125,19530000
2021-11-10,146.1096586376128,146.6742930482063,143.17508933638337,144.51829528808594,29970000
2021-11-11,145.10869397753137,146.144839595857,144.22806618195017,144.3925018310547,16518000
2021-11-12,145.23347643622148,147.44692595196187,144.04033190788914,147.2765350341797,22360000
2021-11-15,147.49694730851232,148.1398318289553,146.18394111280924,147.05267333984375,23508000
2021-11-16,146.75302192957213,147.36023509685174,145.92390607867836,146.4821014404297,18904000
2021-11-17,146.63218759828888,147.15917066321168,145.85211965055908,146.65150451660156,19594000
2021-11-18,146.84418530798982,149.16114250750712,146.49055568916586,148.42613220214844,35608000
2021-11-19,148.56181312811756,149.54348433592108,147.49546792296061,147.522705078125,33682000
2021-11-22,147.92487958481476,148.41718888282895,144.7699041651747,144.92294311523438,30594000
2021-11-23,144.77535729221407,145.27758204342976,142.7565731039976,144.40785217285156,27218000
2021-11-24,144.10227001877251,144.87095645122443,143.0121488357991,144.74267578125,18040000
2021-11-26,142.9878581645666,143.19488775564477,140.50548313123517,140.8427734375,30470000
2021-11-29,142.64264622326615,144.91849043687807,142.53714381167404,144.15872192382812,32596000
2021-11-30,143.64165054932508,144.62380552713375,140.26676719316237,140.5599822998047,42068000
2021-12-01,142.64269466594965,144.57481026036416,139.58380386409377,139.72198486328125,34020000
2021-12-02,139.91856472972714,142.50842215106744,138.89281831208532,141.61839294433594,29194000
2021-12-03,142.32666783141497,143.03888475918794,138.97852275278916,140.66299438476562,41230000
2021-12-06,141.69214988984433,142.49649220315877,138.82889379483768,141.80557250976562,30618000
2021-12-07,144.22411313803892,146.14038785227982,143.85858804406124,145.88134765625,32240000
2021-12-08,146.20525307367103,146.9942539766536,145.0259839079488,146.78968811035156,24270000
2021-12-09,146.1998038220425,147.69458257877415,145.72829267560041,146.24685668945312,23270000
2021-12-10,147.29836288030972,147.57324356030594,145.32117483729272,146.6064453125,24458000
2021-12-13,146.3885089845114,146.57523920094434,144.14585701731025,144.4519500732422,27070000
2021-12-14,142.6109361906856,143.11810346460078,139.88388049756273,142.55050659179688,38446000
2021-12-15,142.05723536266143,145.3380132207217,140.34254884287643,145.06065368652344,36370000
2021-12-16,145.78326939220364,146.2849953541412,142.25335200656264,143.08346557617188,33650000
2021-12-17,141.15678788642228,142.4787119667157,139.9681021693179,140.38909912109375,50416000
2021-12-20,138.6803394180137,140.43811828244137,138.0077389253987,140.27218627929688,27192000
2021-12-21,140.71450164649497,142.5128946761984,139.17812644459522,142.12013244628906,28756000
2021-12-22,141.71896161480515,145.1191022977237,141.71896161480515,145.03489685058594,26322000
2021-12-23,145.1190840665869,146.84614951123285,145.07153240558975,145.5316619873047,26384000
2021-12-27,145.86796324695013,146.9457052312204,145.78227653939464,146.5123291015625,15976000
2021-12-28,146.8387318072272,146.9011414809302,144.67780630211075,145.30433654785156,18200000
2021-12-29,145.26221443419607,146.02743941952565,144.27461818483408,145.27261352539062,17788000
2021-12-30,145.31129687293577,145.91158763968107,144.61839672616154,144.82244873046875,15688000
2021-12-31,144.6733390453183,145.31572484803414,143.48663330078125,143.48663330078125,18136000
2022-01-03,143.68769497903742,144.47619703135243,142.35834947327606,143.6248016357422,28646000
2022-01-04,144.02547327559515,145.1042126846341,142.36181523730556,143.0383758544922,28400000
2022-01-05,143.0587024090049,143.13745135306127,136.3901632285162,136.47633361816406,54618000
2022-01-06,135.7071485529665,138.62091962175828,135.27129360084805,136.44908142089844,37348000
2022-01-07,136.8433516114243,137.1435045219938,134.48677792389836,135.72549438476562,29760000
2022-01-10,133.8047579348391,137.51099140949978,131.90929663777965,137.36239624023438,44408000
2022-01-11,136.7061624010073,138.89434020648147,135.40405384594243,138.41885375976562,28730000
2022-01-12,139.81949281195844,141.26375722339816,139.36829621800032,140.09735107421875,26108000
2022-01-13,140.20582266969564,141.50348717076494,137.10433906437126,137.28067016601562,31436000
2022-01-14,135.7869032841477,139.41538580331004,135.70717186275306,138.165771484375,29662000
2022-01-18,134.89141323912568,135.8388944592343,134.1618595013737,134.71607971191406,34872000
2022-01-19,135.2366462750776,136.65911532585005,133.74286483474455,133.84291076660156,28648000
2022-01-20,134.96571815865502,136.3287551036395,131.7111798903732,132.0509490966797,29908000
2022-01-21,131.34370494374014,133.59427753713035,128.86033169564638,129.12283325195312,55652000
2022-01-24,124.79051601654032,129.9662707060436,123.32645093172006,129.57102966308594,76622000
2022-01-25,127.52650408806734,128.17928897797395,125.30811164753264,125.73851013183594,46960000
2022-01-26,129.8830863515717,131.7463529353979,125.94356826887143,128.01486206054688,49130000
2022-01-27,130.06632706054074,131.40211160207753,127.71717517752967,127.78900146484375,31950000
2022-01-28,128.43683914357985,132.09949641780102,127.27390918310897,132.0940399169922,34362000
2022-01-31,132.8973869656009,134.19603402997248,130.96329190158724,134.0281219482422,39986000
2022-02-01,136.2975399437779,136.49417046627246,133.1019500878879,136.34657287597656,68644000
2022-02-02,149.82431540618072,150.1180141843333,144.15080955105117,146.60494995117188,123200000
2022-02-03,144.33208137122566,148.26416246033293,141.32072802834824,141.74122619628906,71518000
2022-02-04,142.0923982148257,143.50941059648488,139.19050728126922,141.94232177734375,57998000
2022-02-07,142.8902734635897,142.8902734635897,137.59069748325538,137.8888702392578,54974000
2022-02-08,137.71602037168682,138.6803395444201,135.7224935137273,138.0850067138672,54284000
2022-02-09,139.63476944444088,141.18105994739093,138.8655843121402,140.25733947753906,40144000
2022-02-10,138.38666797793726,140.15087104730347,136.65662471919973,137.31336975097656,39330000
2022-02-11,137.2935464759076,137.84478899265827,132.14255018310712,133.01673889160156,39958000
2022-02-14,132.00042669980434,135.01524150081954,132.00042669980434,134.24853515625,34302000
2022-02-15,136.27375391882413,136.8066922748942,134.54124703407226,135.32083129882812,26680000
2022-02-16,135.3584787799004,136.78440905997775,133.65221132320895,136.439697265625,25022000
2022-02-17,134.9588003569333,135.8210938894795,131.2297877990537,131.2897186279297,38950000
2022-02-18,132.20895804605414,132.80628624167994,128.96929259881463,129.17384338378906,45620000
2022-02-22,128.61416429924145,130.93458304274952,127.01488039498852,128.58990478515625,44990000
2022-02-23,130.40758777953872,130.80629021138148,126.32542989882369,126.38536071777344,32786000
2022-02-24,123.77569929866215,131.746354920063,123.77569929866215,131.4402618408203,54456000
2022-02-25,132.29316090337787,133.9964508579599,130.50962561545475,133.19210815429688,36406000
2022-02-28,131.79586516819953,134.47189303756042,131.34267336042723,133.78395080566406,38864000
2022-03-01,133.6071366345848,134.9711560163724,131.9627951950794,132.79783630371094,26496000
2022-03-02,133.35901024990838,133.98752054186207,131.81717846328633,133.30303955078125,23520000
2022-03-03,134.7279703958508,135.15342630121359,131.7716050611301,132.6373748779297,24604000
2022-03-04,131.67451892195976,132.5898052248612,129.10892100654087,130.6631317138672,30430000
2022-03-07,130.2486062137015,130.4932720771041,125.10454686818073,125.18726348876953,45112000
2022-03-08,125.05996493303867,130.01283483137684,124.48988912406125,125.90641021728516,40428000
2022-03-09,130.01282521138089,132.47490076693822,128.6760431854183,132.16236877441406,37026000
2022-03-10,130.0286978025834,132.01578605372748,129.67852951814072,131.1812286376953,27102000
2022-03-11,132.23022456027405,132.53433753192874,128.4095861869589,128.64633178710938,31526000
2022-03-14,129.022259756083,129.17975763176182,124.09415576058076,124.76377868652344,38812000
2022-03-15,125.7791157667184,128.63049231232975,124.53544938703808,127.98017120361328,30920000
2022-03-16,129.50072753440998,132.07621116573054,127.52106056963687,132.0242156982422,35576000
2022-03-17,131.89395505470344,132.8166781087835,130.93903713264967,132.57745361328125,28264000
2022-03-18,132.1668624121389,134.95979002346903,131.01185257108665,134.8424072265625,44566000
2022-03-21,134.88003086032697,135.75817985549534,132.82855279964977,134.81861877441406,26832000
2022-03-22,134.8185995466438,139.72045622435598,134.8185995466438,138.54959106445312,35496000
2022-03-23,137.3950839488176,138.27273404848066,136.5357682945328,136.97210693359375,25154000
2022-03-24,137.8879131077777,140.2841181680178,136.45208246480055,140.23756408691406,26396000
2022-03-25,140.57830645229447,140.69618802841327,138.42034355673357,140.3376007080078,24126000
2022-03-28,139.5723701734137,140.66398768557863,138.49363060700367,140.1221466064453,35050000
2022-03-29,141.3029063704736,142.43810026531608,140.6996381193691,141.1622314453125,34318000
2022-03-30,141.1171698835011,141.3752124596819,140.2652756920692,140.6005859375,19884000
2022-03-31,140.71403164050378,140.76852108166187,137.71408938423252,137.75668334960938,37524000
2022-04-01,138.18505622759434,139.14689657242798,137.00379203918484,138.8294219970703,25942000
2022-04-04,139.03547918185924,142.35736929122916,138.98792752091472,141.62384033203125,25942000
2022-04-05,141.52232030143693,141.64266561089818,139.05926203677285,139.2657928466797,21418000
2022-04-06,137.44214998977517,138.04689956099944,134.2396223803811,135.2609100341797,32468000
2022-04-07,134.72796554964043,135.87159364235194,132.96226616904812,134.6076202392578,26234000
2022-04-08,134.30547574358152,134.39116244363444,131.71215695928404,132.0311279296875,25142000
2022-04-11,130.58094467179382,130.84740631992602,127.45568463788922,127.60922241210938,36884000
2022-04-12,130.35953900322713,130.35953900322713,125.59388309325452,126.51065826416016,32710000
2022-04-13,126.79347231964165,129.10547167871107,126.53691099276196,128.66961669921875,27928000
2022-04-14,129.24962313577018,129.24962313577018,125.40767198350433,125.53546142578125,31598000
2022-04-18,125.80290070747127,127.00396566233613,124.99261037205467,126.4730224609375,20808000
2022-04-19,126.48786373209683,129.10445946368372,125.8023852699178,128.7835235595703,26490000
2022-04-20,129.65821381786787,130.16043859794559,126.2981884119716,126.83309173583984,31696000
2022-04-21,128.0316847615535,128.87218229541864,123.3527055622705,123.63799285888672,36446000
2022-04-22,123.8217565690258,124.21996776137067,117.80402222276324,118.50782012939453,56884000
2022-04-25,117.97835219471519,122.11548294345009,117.39391716093655,121.91390228271484,46128000
2022-04-26,121.14176417431584,121.35523276783128,117.39392647415147,117.5316162109375,73054000
2022-04-27,113.39050900268353,116.13687453033563,111.67385011306806,113.2171630859375,91820000
2022-04-28,115.31767110037897,118.52167974527936,113.03934791722725,117.40530395507812,48884000
2022-04-29,115.63416187311658,116.80848848076448,112.74168750254856,113.03390502929688,42676000
2022-05-02,112.33603220097183,115.64504420126964,111.53861990718035,115.48407745361328,35534000
2022-05-03,115.33301749852883,117.32556209419245,114.94075408048792,116.2280044555664,24968000
2022-05-04,115.92836716829281,121.69647785121755,114.03091818678884,121.10857391357422,49916000
2022-05-05,119.07096543975983,119.8980938644429,113.92146466993306,115.4073257446289,45840000
2022-05-06,114.09876512717945,116.46326613947373,112.94078546602168,114.65546417236328,39710000
2022-05-09,112.18250256559926,113.99228466247091,110.9447838916454,111.45046997070312,40802000
2022-05-10,114.41872033983715,115.15422180073458,111.83629181263385,113.31670379638672,39900000
2022-05-11,112.16913744806907,115.26765131886637,112.16913744806907,112.53168487548828,37534000
2022-05-12,110.32765083304804,113.2176460554151,108.78928812184641,111.78032684326172,53836000
2022-05-13,113.45341371338583,116.76391499760273,112.53416717091297,114.95661163330078,35038000
2022-05-16,113.87192754882359,115.07498009851662,112.8159813449991,113.36624145507812,25990000
2022-05-17,115.73916596158637,115.79810674936266,113.78724265802168,115.37512969970703,23054000
2022-05-18,113.91602657986617,114.31225774903147,110.50399019175259,110.8447494506836,35126000
2022-05-19,110.38114796918116,111.9447678514437,108.96313804874286,109.34352111816406,34144000
2022-05-20,110.89574757041693,111.12606177172583,104.79926453382097,107.88143157958984,48962000
2022-05-23,108.55452759041016,111.09039456188339,107.71600254425863,110.4371109008789,37184000
2022-05-24,104.77500626449768,105.45503592449192,100.92414493774601,104.97113800048828,76780000
2022-05-25,103.99589911328695,105.49612682309936,102.87754328812014,104.80767822265625,40258000
2022-05-26,104.68088294574915,107.6253600174525,104.23314008398944,106.77644348144531,37948000
2022-05-27,108.45100981416809,111.25928606467275,108.1097518272752,111.25779724121094,37914000
2022-05-31,111.68375119356135,114.64408411321045,111.02204847773712,112.68968200683594,50012000
2022-06-01,113.77237100226573,115.99769344115636,112.18249653404207,112.81844329833984,36606000
2022-06-02,112.92543446799303,116.78817573341432,111.88186743338352,116.51378631591797,37992000
2022-06-03,114.96849217131312,115.22505349151253,112.44847324423242,113.46133422851562,26136000
2022-06-06,115.60443361954869,118.22202704560443,115.06903155383779,115.71934509277344,33542000
2022-06-07,114.39198315815538,116.58164964382146,113.96752484797211,116.04524993896484,31590000
2022-06-08,115.66090659386595,117.45286068913215,115.50092985611303,116.0893325805664,26108000
2022-06-09,115.23099254159975,117.18391328926909,113.69411860375493,113.75305938720703,25798000
2022-06-10,111.38508794278529,112.21122625756998,109.3256823347158,110.11368560791016,41452000
2022-06-13,105.77992416332314,107.76602221273737,105.11872028376786,105.38964080810547,47252000
2022-06-14,105.53080749276522,106.90720599069174,104.8027349790205,105.70960235595703,33706000
2022-06-15,107.52184819954677,110.37321720506895,106.6546047522059,108.7298583984375,39698000
2022-06-16,106.21034141935115,107.62438376681095,104.14697548134566,105.0340347290039,51684000
2022-06-17,105.03402250297012,107.67489298903801,104.05582771449916,106.13356018066406,51376000
2022-06-21,107.90271168742838,111.42915975533309,107.57631929461657,110.49256896972656,47416000
2022-06-22,109.51439846102454,112.27809328975262,109.34203501668972,110.4366226196289,30774000
2022-06-23,111.17361427351027,111.67979920345891,109.45893530681374,111.18401336669922,28362000
2022-06-24,111.9299067523176,116.96598437616667,111.88780403394424,116.86296081542969,41164000
2022-06-27,117.15815754971578,117.46176417834405,114.0938111747087,114.74165344238281,36420000
2022-06-28,114.71093996164035,116.20373868185764,110.79371689299163,110.95171356201172,35792000
2022-06-29,110.50052414302422,112.09386022789779,109.82742468771599,110.64861297607422,24716000
2022-06-30,108.9631408714663,109.84277107418012,105.74377534571843,107.9359130859375,43170000
2022-07-01,106.91562613688178,108.22021347289117,105.72446146275112,107.7125473022461,35476000
2022-07-05,106.09097773944877,112.3083126633725,104.7348786039733,112.19538879394531,39342000
2022-07-06,112.23402443600865,114.49996109393334,110.42523220637499,113.49205017089844,37432000
2022-07-07,113.99526196361097,118.06602306558507,113.75108733780583,117.6633529663086,40936000
2022-07-08,116.14481214469383,118.5568576373647,115.79959399060274,118.22848510742188,38238000
2022-07-11,116.88575614827931,116.88575614827931,114.24339658286063,114.58613586425781,31196000
2022-07-12,115.11954274225738,115.87139099638682,112.61834967810978,112.94573211669922,29960000
2022-07-13,110.64809930840663,113.11958408095617,110.15331111772146,110.30387878417969,43722000
2022-07-14,109.17165351215847,110.04583472550598,107.35147235760216,109.3271713256836,37004000
2022-07-15,110.9447897246164,112.0740435098507,109.85466101364264,110.72388458251953,46770000
2022-07-18,111.57826178835704,112.60845972018963,107.34851386704042,108.00228881835938,43164600
2022-07-19,109.80512272878235,112.94524039032943,108.52728140447425,112.73722076416016,36530900
2022-07-20,112.1032403767429,114.31222337937646,111.41974956185236,112.82636260986328,35600400
2022-07-21,113.20279789657461,113.47025711440008,110.06268006419117,113.2622299194336,32676200
2022-07-22,109.95371241453788,111.28107792780779,105.49612947881336,106.8829345703125,48901200
2022-07-25,107.38813065775187,108.83436778668157,105.29801891918392,106.49661254882812,34690900
2022-07-26,105.59519924903145,106.18954220710675,103.08904794486875,104.03009033203125,47991000
2022-07-27,108.23011657455983,112.83628715279444,106.99189908350105,111.99429321289062,59858500
2022-07-28,111.31080355662644,113.26222799633648,110.40937758534383,113.14336395263672,32816600
2022-07-29,112.01410659400565,115.60988739252207,111.99429088237237,115.22356414794922,37223400
2022-08-01,114.21318346288767,115.61979670741562,113.26222578696031,113.77732849121094,26034300
2022-08-02,112.92543862061498,115.25328606314042,112.64807910337518,114.04478454589844,20236000
2022-08-03,114.61931687482497,117.50189084849441,114.39148908653323,116.96697998046875,28499000
2022-08-04,116.37263636297655,117.66037802315151,115.7881937755093,117.07594299316406,21602900
2022-08-05,115.13442225860744,116.996698705037,114.90658690755124,116.36273193359375,19159500
2022-08-08,117.27405799513392,119.01747039195752,115.77828910409572,116.1943359375,19138300
2022-08-09,116.03583449031639,116.21413810759837,114.6193134078761,115.5306396484375,19086500
2022-08-10,117.66037481224664,119.78020250101322,117.29386728055461,118.57170104980469,30930400
2022-08-11,120.1368212493172,120.34484089581902,117.44245858656527,117.71981811523438,24293700
2022-08-12,119.12641458079918,120.53302764892578,118.33395246940117,120.53302764892578,19096300
2022-08-15,119.98822567992796,121.14720300149365,119.47313052616087,120.92927551269531,19494800
2022-08-16,120.37453758136715,121.27596346229039,119.50283526586922,120.55284118652344,19041200
2022-08-17,118.98775310554484,120.1467228864073,118.25472289488862,118.42312622070312,22847000
2022-08-18,118.30425456881134,119.68115184104835,117.60094792710956,119.03727722167969,17987700
2022-08-19,117.93774699026473,118.02690258693414,115.65943115149652,116.10518646240234,21809500
2022-08-22,114.11411997895853,114.54006709454625,112.77684661152537,113.16316986083984,21456600
2022-08-23,112.4103430162746,113.92592005634819,112.36081129232605,112.78675842285156,15870400
2022-08-24,112.43015094510808,113.6980844778473,111.80609203500424,112.61836242675781,17734600
2022-08-25,113.16316633053552,115.61979306048023,113.03439443727451,115.55045318603516,16956800
2022-08-26,113.63865345731685,114.03488457916195,109.15135432931017,109.29993438720703,37245700
2022-08-29,108.95323007744102,109.90418019250721,107.77445217888464,108.38860321044922,21191200
2022-08-30,109.13153347611065,109.4584247030461,106.78387798216265,107.91313171386719,27513300
2022-08-31,109.60701580275753,109.80512758191875,107.11076506343836,107.19992065429688,28627000
2022-09-01,107.25935215267644,109.40889593174482,106.34802588101795,108.7055892944336,28360900
2022-09-02,109.54757518879592,109.69616280050401,106.24896950777163,106.83340454101562,24160700
2022-09-06,106.28859410286454,107.01170889666186,104.7829173782116,105.80320739746094,25068300
2022-09-07,106.05085594393181,108.94333792914485,105.8923680249707,108.41832733154297,23167000
2022-09-08,107.02161453866474,108.56690754109273,106.14991215017609,107.35840606689453,24238300
2022-09-09,108.04189370090029,109.94379375275255,107.9923619834908,109.60700225830078,23197700
2022-09-12,109.94380485678408,110.56787130626519,108.89379884747014,109.81503295898438,22966800
2022-09-13,106.78387833563288,107.2791653268789,103.10884221000528,103.33667755126953,38172900
2022-09-14,103.58432964430956,104.28763632335523,102.68291117531426,104.0102767944336,26395100
2022-09-15,103.04941765722538,104.27772736843421,101.38525294374102,101.93997955322266,34188300
2022-09-16,101.10790172559079,102.15790789100767,99.98855567297623,101.83102416992188,42797200
2022-09-19,100.7909000168843,102.35600868106442,100.59278824868812,102.09845733642578,23036800
2022-09-20,101.11781051046039,101.40507791933726,99.5725097055544,100.1866683959961,26517100
2022-09-21,100.71165611559576,101.91024974095512,98.33427701945793,98.34418487548828,31487300
2022-09-22,97.88852564747053,100.28571299374859,97.8588096356747,99.19608306884766,34298600
2022-09-23,98.69087530642672,98.72059887182063,96.5512396042916,97.80926513671875,31625400
2022-09-26,97.17531191386047,98.93853249770274,96.87814423603862,97.2446517944336,27072700
2022-09-27,98.49277900056019,99.05740591195914,95.95691182760773,96.58097076416016,30072800
2022-09-28,96.72954699099779,99.7507929809595,96.19463615518136,99.10692596435547,32466300
2022-09-29,97.71021809479579,97.71021809479579,95.05547949044494,96.50171661376953,31047200
2022-09-30,96.13521058040764,97.96777098525601,94.65924986585827,94.74840545654297,32941500
2022-10-03,95.84795139144903,98.35410263850108,95.61020816765206,97.7102279663086,27982000
2022-10-04,99.49325242488644,100.88004994331021,99.43381284732565,100.68193817138672,28850800
2022-10-05,98.88901332468096,100.96921740441856,97.86872322008227,100.47393035888672,22176900
2022-10-06,99.73098951026391,101.95978098541211,99.6418339213685,100.4640121459961,22324000
2022-10-07,98.90880951525219,99.58240011798391,97.37342439434227,97.74983978271484,27502800
2022-10-10,98.06683009651893,98.1658859891608,96.09558987026921,96.93757629394531,18225100
2022-10-11,96.51161288999931,98.31445703919984,95.40216742992249,96.26396942138672,26507100
2022-10-12,96.3828523219572,97.81918158553775,95.82812574805676,96.64039611816406,21876400
2022-10-13,94.2531257355406,98.83948103016371,93.4903794576078,98.12626647949219,34574500
2022-10-14,99.04749527967141,99.74090163611203,95.4616221229326,95.64982604980469,25410700
2022-10-17,97.92814929391774,99.97863723546732,97.89843328218922,99.0276870727539,28419200
2022-10-18,102.15788442225929,102.49468348090441,99.0276748025341,99.82012939453125,24060700
2022-10-19,99.06731041769221,100.06778474217612,97.98758079988396,98.69088745117188,23811100
2022-10-20,99.05740308448243,101.35553453374322,98.45315232106869,99.0276870727539,25323200
2022-10-21,96.92766853336371,100.35505381302936,96.79889662854987,100.17675018310547,32458700
2022-10-24,100.84044292323848,101.78148526277319,99.03759842574941,101.55364990234375,27176400
2022-10-25,101.930061923768,103.83196211183454,101.75175830879428,103.49517059326172,40611400
2022-10-26,95.52105546451727,97.38333194848032,93.79745874225998,94.03519439697266,88114100
2022-10-27,93.62905426662633,94.53048026417704,90.93469924535803,91.35073852539062,60710900
2022-10-28,91.40025102932333,95.63991369751206,91.26157128700885,95.38236236572266,43697300
2022-10-31,94.52057434230903,95.12482511935792,93.09415284479122,93.61915588378906,31675000
2022-11-01,94.55028769007764,95.12482243853582,89.5181773853351,89.61723327636719,47161400
2022-11-02,90.08280280353895,90.32053844962222,86.06106718761413,86.15022277832031,57038300
2022-11-03,85.50634332478795,85.70445509240571,82.55442961941449,82.64358520507812,61288000
2022-11-04,84.59502310696469,85.82333277984429,82.9209505890823,85.76390075683594,51124900
2022-11-07,86.45729025652912,88.06202272257539,86.03134316996938,87.6558837890625,34078900
2022-11-08,88.0620346069336,89.46864794494398,86.7643774616038,88.0620346069336,30429000
2022-11-09,87.616271304768,88.59694505123552,86.4573014852848,86.4969253540039,31769100
2022-11-10,91.38044725273583,93.50027490961016,90.74648052680031,93.05451965332031,51620100
2022-11-11,93.79745509098437,96.01633874938153,93.03470887381417,95.5012435913086,33090500
2022-11-14,94.19368469847873,95.87766515214163,93.61915748150425,94.79793548583984,30179500
2022-11-15,97.33381184067372,99.19608840231544,95.79841898384171,97.51211547851562,41640800
2022-11-16,96.97720863902562,98.70080550558573,96.71965724966073,97.91825103759766,29105200
2022-11-17,96.0559565217017,98.34417991306272,95.87765290955153,97.43285369873047,26052600
2022-11-18,97.8389927582132,97.96777221776902,95.46162115308442,96.51162719726562,28342300
2022-11-21,96.37294795051915,97.47248572459458,94.4611397769671,94.6988754272461,21647400
2022-11-22,95.0455707019559,96.30360389329707,93.16348617912884,96.13520812988281,23438500
2022-11-23,96.17482467577447,97.82908897612423,96.17482467577447,97.53191375732422,18868100
2022-11-25,97.31399022022332,97.71022134220922,96.48191166578498,96.54134368896484,9701400
2022-11-28,96.12529652150104,96.66020735865297,94.70877547797265,95.1446304321289,26237500
2022-11-29,94.82765839860214,95.21398167866465,93.22292569547149,94.2927474975586,20061700
2022-11-30,93.92622347217593,100.08759477077614,93.52999237293703,100.0380630493164,43647500
2022-12-01,100.06777905920039,101.28618836680111,99.30504042808617,100.0380630493164,28687100
2022-12-02,98.11636587483002,99.82014694810282,97.96777825098889,99.4932632446289,21480700
2022-12-05,98.46304963550313,100.42438177439655,98.06681855409174,98.54229736328125,24405100
2022-12-06,98.36399581432345,98.83946707599033,95.51113801440432,96.06586456298828,24910700
2022-12-07,95.501250078082,95.96681354446217,93.8271774750463,94.04510498046875,31045400
2022-12-08,94.48094747640057,94.67906681524398,92.5691393120717,92.82669067382812,32213300
2022-12-09,92.88612099660666,93.37150769977879,91.87573883817876,91.95498657226562,28225400
2022-12-12,91.83610001615222,92.67808627064281,90.74647030107741,92.4304428100586,29420000
2022-12-13,96.83851164366295,98.59182421305074,94.13424142996912,94.72858428955078,40593700
2022-12-14,94.30265344600319,95.9569179743863,92.71773636138178,94.17388153076172,28733600
2022-12-15,92.252139338868,92.75733411522593,89.16155378345175,90.0035400390625,40107000
2022-12-16,89.90450487035997,90.46913178897229,88.67618757997353,89.40921783447266,58011800
2022-12-19,89.40920565184058,89.70637329839354,87.37852605840477,87.60636138916016,29493000
2022-12-20,87.27948209800233,88.33939605285829,86.61579928348552,88.18090057373047,23453800
2022-12-21,88.24033919007738,89.36959301530564,87.48750078743176,88.73562622070312,24745600
2022-12-22,87.32901618522953,87.70543162211254,85.50635591339253,86.93278503417969,27658300
2022-12-23,86.28890398968787,88.70590703096771,86.24928012175934,88.38892364501953,23003000
2022-12-27,87.96296650718489,88.101646250422,86.18983829581997,86.56625366210938,20097300
2022-12-28,86.16012511888523,87.21013108289247,85.12992730850024,85.20916748046875,19523200
2022-12-29,85.80351972764441,88.01249544149027,85.79361187188182,87.61626434326172,23333500
2022-12-30,86.16012846707217,87.46768582385727,85.75398950597845,87.39834594726562,23986300
2023-01-03,88.74551641039932,90.19176102565882,87.68560258790053,88.27995300292969,28131200
2023-01-04,89.49837106627074,89.79554632803817,86.44740093438432,87.24977111816406,34854800
2023-01-05,86.64549950515097,86.74455538281254,85.09029879767937,85.38746643066406,27194400
2023-01-06,85.97191250445123,86.86343055515435,84.06010451251869,86.5167236328125,41381500
2023-01-09,87.52712197637781,89.20119450702028,87.03183496091958,87.19032287597656,29003900
2023-01-10,85.1695525248776,87.8341913419079,85.02096491917445,87.5865478515625,30467800
2023-01-11,88.33939373373373,90.7365811115069,88.17099795969153,90.65733337402344,26862000
2023-01-12,90.61771831946737,91.0040415982066,88.90402187065258,90.27101135253906,30258100
2023-01-13,89.99363774602796,91.32101070844415,89.28042332532422,91.25167083740234,26329200
2023-01-17,91.19224307477705,91.38045455947204,89.20119470950107,90.42950439453125,32602400
2023-01-18,91.27149058446429,91.92527307231936,89.78562953840836,90.2611083984375,29116700
2023-01-19,89.8648659536878,92.72762393718007,89.77571037226642,92.17290496826172,37000400
2023-01-20,94.20357999199304,97.3734211280702,94.12433226315825,97.09605407714844,63191100
2023-01-23,97.02672040094633,99.09702399348039,96.58096512336888,98.84938049316406,40005100
2023-01-24,97.17530672932803,98.6710755675798,96.28378862846672,96.7790756225586,33078500
2023-01-25,94.66914808677848,95.253590622397,92.87621173166306,94.32244873046875,42330000
2023-01-26,95.59038693126605,96.65030076385241,94.48094137779603,96.60076904296875,30114000
2023-01-27,96.39275438266596,99.37438426539468,96.39275438266596,98.43334197998047,33879800
2023-01-30,96.56114830739395,97.36351075805584,95.49132666819197,96.02623748779297,27226200
2023-01-31,95.95690086997,97.94794906005014,95.90736914967809,97.9083251953125,29870700
2023-02-01,97.77955657834522,100.23618337201236,96.66021070256011,99.48334503173828,35531100
2023-02-02,104.80272559946398,106.83339763663767,104.61451413296538,106.72443389892578,69883800
2023-02-03,101.95979023473124,106.79378901865567,101.61309081864206,103.79235076904297,65309300
2023-02-06,101.43477436351553,103.37629840573868,100.91967167543784,101.93006134033203,31999600
2023-02-07,102.24705365455104,107.16029998780995,102.14799776201166,106.6253890991211,49010200
2023-02-08,101.08808062599397,102.16780266804861,97.11587673441662,98.43334197998047,94743500
2023-02-09,99.05739519259022,99.08711120195127,92.7474363981296,94.11443328857422,119455000
2023-02-10,94.55028362184048,95.83803282228948,93.36159786564117,93.67858123779297,54980700
2023-02-13,93.84698021445055,94.30264335517856,92.95546208803488,93.71820831298828,50076100
2023-02-14,93.53989314750166,93.9559323693414,91.39034961051733,93.78753662109375,54726100
2023-02-15,93.59932686789149,96.20454109432663,93.26253536526079,96.02623748779297,50169000
2023-02-16,94.47103857692892,96.7592619405205,93.84697216323715,94.6097183227539,42462600
2023-02-17,93.95594988129498,94.65925657048464,92.33140899633962,93.46066284179688,34284100
2023-02-21,92.1233753458433,92.22243122719243,90.85544192662408,90.9247817993164,33629300
2023-02-22,90.83562645698825,91.24176539632087,89.75590449970178,90.78610229492188,30884000
2023-02-23,91.05356953359318,91.07338524779873,88.91393340571156,90.03327941894531,41206400
2023-02-24,88.5969466852926,89.04270199101362,87.74505238582013,88.28986358642578,36585100
2023-02-27,89.02288818359375,89.31015555075885,88.49787761482176,89.02288818359375,27502300
2023-02-28,88.48798288330664,90.37007511496472,88.47807502657972,89.21109771728516,30142000
2023-03-01,89.13184725435819,90.17194536629773,88.82476419108889,89.50826263427734,31111200
2023-03-02,88.81485054710546,91.41014906665583,88.74550312591727,91.1327896118164,32204400
2023-03-03,91.60829544482357,92.8465130610586,91.57857187375025,92.76726531982422,35160100
2023-03-06,93.13376908199567,95.06539301867707,93.11396092623885,94.23330688476562,32639300
2023-03-07,94.08472641631292,94.76821737043342,92.64838951204187,92.97528076171875,27835500
2023-03-08,93.23283849823886,95.0554912436898,93.11396688365177,93.36161041259766,34103300
2023-03-09,93.16348729195221,94.62953257298054,91.0337516903099,91.44979095458984,28813500
2023-03-10,91.3012113113228,91.91536996276953,89.54789851172045,89.77572631835938,35941000
2023-03-13,89.2408156459463,91.69744270082337,88.57713282311968,90.25120544433594,37335600
2023-03-14,91.6875307500272,93.47056704552529,91.56866670198077,93.08424377441406,36050200
2023-03-15,92.34130529029962,96.01633375629301,91.7667705826294,95.20406341552734,50622100
2023-03-16,95.29322179021432,100.2361918035118,94.59982296945131,99.3743896484375,65492000
2023-03-17,99.31495102310215,101.87062619084857,99.15645555604324,100.6621322631836,61028500
2023-03-20,99.17627733608008,100.79091032876192,98.9286338217588,100.26590728759766,32960400
2023-03-21,100.29562522714755,104.10933390947386,100.2659092140549,103.9310302734375,42110300
2023-03-22,103.28716346144616,105.58529519084568,102.3560288980346,102.3956527709961,43427400
2023-03-23,104.06971856467379,105.29803596131433,103.47537558169218,104.60462951660156,40797800
2023-03-24,104.00035839739058,104.49564537954834,102.86119682693183,104.44612121582031,30393300
2023-03-27,103.63386050850951,103.7725402718168,100.96921387821344,101.49421691894531,31120900
2023-03-28,101.474403093689,101.48430339231476,98.79984875616225,100.07769012451172,32057900
2023-03-29,101.31591359200922,101.52393323759745,99.70128059578812,100.4343032836914,28779600
2023-03-30,99.95881870147095,100.20646218346947,98.8394653260509,99.93900299072266,33086200
2023-03-31,100.34515540089112,102.91073859125474,100.08760402894022,102.75225067138672,36863400
2023-04-03,101.42486512580797,103.54469275309818,100.96920202024347,103.37629699707031,25035400
2023-04-04,103.34658690208836,104.5848043981141,103.05931953611281,103.73291015625,24420100
2023-04-05,104.78290944385377,105.09989280017604,102.6828975422735,103.48526000976562,28290500
2023-04-06,104.2678083632468,108.14094829072397,103.34657435574289,107.39801788330078,48711500
2023-04-10,105.97160978014296,106.57585296689001,104.12914153667725,105.43669891357422,27067400
2023-04-11,105.5456573857056,105.72396099898825,103.69328137868473,104.35696411132812,26311800
2023-04-12,105.57537962995973,105.74377539759396,103.35648840973943,103.6536636352539,24370300
2023-04-13,104.84234942454029,106.47679804994421,104.84234942454029,106.41736602783203,24843600
2023-04-14,105.8824559006008,107.9131356551454,105.83292417683923,107.84379577636719,26578000
2023-04-17,103.67348835512259,105.15934949683192,103.53480102901426,104.97113800048828,37571200
2023-04-18,105.4862165216186,105.53574824150101,103.08902940590605,103.51497650146484,26596400
2023-04-19,102.60365516744423,103.99046025776919,102.0984603190622,103.197998046875,20905700
2023-04-20,102.93053428099542,105.24847350519047,102.89091041936659,104.29752349853516,27820800
2023-04-21,104.47582910957517,105.00083206068194,103.7923307089001,104.41639709472656,25800100
2023-04-24,104.49565910984984,105.62491297295048,103.71310466831859,104.97113800048828,23542800
2023-04-25,104.83244886590656,105.68434311564164,102.86120115263496,102.87110900878906,46664100
2023-04-26,103.93103086607017,105.34755210558068,101.66261531147053,102.73243713378906,53347600
2023-04-27,103.4654423247581,107.34849781246507,102.564023992642,106.57584381103516,50089200
2023-04-28,106.03104125953,106.33811677937744,104.09941743610682,106.32820892333984,36139800
2023-05-01,105.83292977932275,106.97209146882285,105.81312162325753,106.18953704833984,26681700
2023-05-02,106.13009189782639,106.18952391615264,102.73242296305273,104.3272476196289,30997200
2023-05-03,104.5352611244238,106.47678503676157,103.97063431092495,104.41639709472656,21795400
2023-05-04,104.49565601153888,104.60461976329854,102.98998675787486,103.70320129394531,23419500
2023-05-05,103.83195968460865,104.88196563853086,103.12865309684194,104.57489013671875,26639300
2023-05-08,104.18856750875773,106.94236185797475,104.16875935521117,106.754150390625,26511400
2023-05-09,107.36830969094812,109.11172195668867,106.1796239755447,106.3381118774414,36360100
2023-05-10,106.95227165556445,111.87542544527842,106.91264779027239,110.69664001464844,63153400
2023-05-11,114.31223694111618,116.8084800047562,113.33157083298755,115.47120666503906,78900000
2023-05-12,115.58018830704218,116.91746185387996,115.0155613624893,116.4023666381836,41102300
2023-05-15,115.0155501911109,117.36321334174113,114.91649430049983,115.41178131103516,36266800
2023-05-16,115.39194660334424,119.61179335455553,115.33251459025692,118.38348388671875,45035600
2023-05-17,118.48256401873364,120.52314416561975,117.76934948574967,119.70096588134766,33323600
2023-05-18,119.80991915569436,122.14767433938904,119.69105511557814,121.67220306396484,35234200
2023-05-19,122.38542917681221,124.78261660860367,120.99862396952213,121.60287475585938,41353400
2023-05-22,121.78118019432495,125.23828162823854,121.58306084321728,123.87129211425781,35253000
2023-05-23,122.98967145510028,123.45523488676992,121.05804762080852,121.40474700927734,34046300
2023-05-24,119.97833399859127,120.76088842026384,118.73020855513421,119.76040649414062,34182600
2023-05-25,123.34625308575156,124.13871519265595,120.8103864356235,122.3160629272461,42317000
2023-05-26,122.0089958487117,124.07929940606435,121.2957813707238,123.4354248046875,35635900
2023-05-30,124.45572750689844,124.475543220799,120.8500384400081,122.5042953491211,35076700
2023-05-31,121.59295091648666,122.89060035716126,121.3453074319317,121.71182250976562,37325800
2023-06-01,121.66229962836286,123.24721653315949,121.46418784931825,122.55381774902344,30772700
2023-06-02,122.82125958334106,124.96090290179959,122.59343181140923,123.4948501586914,26980100
2023-06-05,122.84110207242288,126.22886384100502,122.67269872376535,124.82225036621094,32305500
2023-06-06,124.82222846227405,127.08072835419054,124.17835386828453,126.10997009277344,26638300
2023-06-07,125.7731809795302,127.82366128329055,120.9688986295934,121.3453140258789,52539000
2023-06-08,121.07785645151252,122.06843039511246,120.09718280596337,120.98870086669922,29389200
2023-06-09,121.09767375566376,122.59344263961952,120.76088221698073,121.07786560058594,23778300
2023-06-12,121.63258482252455,122.88071020381717,120.51323890061894,122.47457122802734,28306400
2023-06-13,123.80193467786927,123.9802382898457,122.0188985581049,122.66277313232422,22278300
2023-06-14,121.93966842264322,122.88071833842668,120.30521966995029,122.5042953491211,30592300
2023-06-15,121.97928756170958,124.27741904880322,121.2462648829115,123.91090393066406,35246300
2023-06-16,124.74298738908716,124.9212910160558,122.1179647088467,122.36560821533203,45535600
2023-06-20,121.77125573189018,123.39579640203785,120.9887014060601,121.93965148925781,26097500
2023-06-21,121.24626438669232,121.50381575399224,118.96794106457482,119.41370391845703,30306300
2023-06-22,118.8688795483101,122.07833718002013,117.70990978650924,121.98918914794922,26952200
2023-06-23,120.2358708393946,121.63258382371362,119.91888745789723,121.18682098388672,34913600
2023-06-26,119.62171252918014,120.85002211325339,117.15517794794245,117.22451782226562,33969900
2023-06-27,115.97641255413603,117.95756067064339,115.0056466517561,117.21463012695312,39535900
2023-06-28,115.98631010773838,119.25520744558725,115.74857445547958,119.04718780517578,27091400
2023-06-29,118.11603570546055,118.92830604232336,117.1849013313609,117.97735595703125,24090900
2023-06-30,119.03727202436663,119.93869796362138,118.5618007515014,118.57170104980469,29532200
2023-07-03,118.11604630300786,119.05709617461561,117.7000070203923,118.76982879638672,14467900
2023-07-05,118.1160435778064,121.45428073315573,118.1061432790298,120.60238647460938,27584800
2023-07-06,118.67076871540064,119.16605571745576,117.2839635981503,118.97784423828125,24745200
2023-07-07,118.96794135463395,119.90899123235957,118.27454254576682,118.35379028320312,21709500
2023-07-10,117.18490091620437,117.19480121428604,115.04525756376775,115.35233306884766,35315200
2023-07-11,115.19384132163853,116.60045446518235,114.26269942444343,116.03582763671875,23078800
2023-07-12,117.68019568942015,119.19577271910916,117.2938724292045,117.80896759033203,30404400
2023-07-13,119.7901086563636,123.65334859158274,119.31462983276822,123.36608123779297,44297900
2023-07-14,123.62364190723412,125.5849742534972,122.32598478947493,124.23779296875,33283100
2023-07-17,124.7528855515559,125.90194740247068,123.02928143896453,123.47504425048828,25716200
2023-07-18,123.4255157057774,123.50476343752902,121.80097499226719,122.59343719482422,26193600
2023-07-19,123.42552039211267,124.00005513290701,120.6519176928117,120.87974548339844,37224000
2023-07-20,120.27549924350316,122.92033014114742,117.10566530896473,118.07642364501953,37906800
2023-07-21,119.48304524220468,119.84955280579004,117.61086088273697,118.8886947631836,72937900
2023-07-24,120.51324754724001,121.84061320168395,119.83965686301278,120.38446807861328,29686100
2023-07-25,120.21605806734303,121.98918638737764,119.87925898635496,121.05804443359375,52509600
2023-07-26,128.84397594722074,129.7453868594028,127.11047133269726,128.051513671875,61682100
2023-07-27,130.4288745072281,131.98408291547318,127.57601659985137,128.18026733398438,44952100
2023-07-28,129.54727072583006,132.47937651181306,129.3392586434395,131.33030700683594,36591200
2023-07-31,131.47887918017878,132.27134138142645,130.53783692899188,131.46897888183594,28055500
2023-08-01,129.5472514351671,131.37981916789192,129.44818800071138,130.30999755859375,23166800
2023-08-02,128.22980534062592,128.863772116118,126.35762102589456,127.1698989868164,26273300
2023-08-03,126.76377120881324,128.17038464390004,126.21895242040881,127.23924255371094,20089500
2023-08-04,128.0614204630477,130.27039650877546,126.70433876138416,126.90245056152344,26147200
2023-08-07,127.9425661714573,130.36946991706552,127.80388638927862,130.29022216796875,22746300
2023-08-08,129.388776187967,130.2703864784232,128.3189544116336,130.1614227294922,23535200
2023-08-09,130.41898380481655,130.79539166782024,127.78405318898797,128.43783569335938,24912900
2023-08-10,130.08220046399103,130.80531533812552,128.22981658468657,128.46755981445312,20857800
2023-08-11,127.44726500702475,128.70528320828737,126.96187826549951,128.33877563476562,19591100
2023-08-14,128.170370790581,130.13170310188443,127.7444312206599,130.0920867919922,24695600
2023-08-15,129.86426668839604,130.18124253117608,128.06141462490677,128.55670166015625,19770700
2023-08-16,127.48685455322266,129.05196308784446,126.66468398153553,127.48685455322266,25216100
2023-08-17,128.57652473546727,130.74588449246144,128.0713222570123,128.6953887939453,33446300
2023-08-18,127.29867372281868,128.03170400726378,125.18875358443651,126.25857543945312,30504800
2023-08-21,125.98119528293358,127.51658037118519,125.36703671314525,127.15997314453125,25248700
2023-08-22,127.29865446565053,129.05197461127347,127.11045810936166,127.86328887939453,22054900
2023-08-23,128.95289430562747,132.1524586685119,128.6458188358362,131.12225341796875,27819700
2023-08-24,132.68739372034156,132.9845689644834,128.34868956972952,128.55670166015625,28500700
2023-08-25,128.31895505629643,129.52745659961704,126.05054714528603,128.65576171875,26762900
2023-08-28,130.07227594567678,131.29067779366306,128.9133061222322,129.7751007080078,20543300
2023-08-29,130.99352005839108,135.28270758219568,130.99352005839108,133.3015594482422,43075600
2023-08-30,133.50957509777203,134.99543623785553,132.8062759558441,134.59921264648438,28315800
2023-08-31,134.7279791243435,136.69922704264897,134.51005161116558,134.886474609375,30053800
2023-09-01,136.16432303188128,136.16432303188128,133.5789240149797,134.38128662109375,21543700
2023-09-05,134.16332792396915,135.13408608838068,133.3114337876609,134.49021911621094,19403100
2023-09-06,134.73788957021387,135.24307690579013,132.4100344539137,133.19259643554688,18684500
2023-09-07,132.3307894650939,134.3020373516812,131.69682265013012,133.98504638671875,18844300
2023-09-08,133.63835257587766,135.37185721348425,133.5789205495535,135.09449768066406,23558300
2023-09-11,135.2529563461856,136.18409824910339,134.51002590640553,135.62937927246094,20763400
2023-09-12,134.97561156998864,135.5798623314705,133.91570522015272,134.0642852783203,18405500
2023-09-13,133.81666153749157,135.60959837402987,132.88551939554162,135.42140197753906,20749500
2023-09-14,136.30300699996283,137.3926294793097,134.95582557198202,136.7982940673828,24751000
2023-09-15,136.6794390885135,137.21435768039888,135.19357762322105,136.1049041748047,38919600
2023-09-18,135.32231734485046,137.8482841163795,135.32231734485046,136.90724182128906,21861300
2023-09-19,136.12466432280078,137.10533793093902,135.33220217516006,136.7388153076172,20353700
2023-09-20,136.77845758196287,136.77845758196287,132.36049096088513,132.4793701171875,29927500
2023-09-21,130.20105377280416,130.98360061103773,128.84397217961927,129.21047973632812,31503900
2023-09-22,129.52744986822796,130.78548307138033,128.37839552385094,129.0222625732422,26397300
2023-09-25,128.60621211647438,129.93357752381922,127.74441765446007,129.8741455078125,20094600
2023-09-26,128.5467943169791,129.13122935895814,126.02082755262765,127.35810852050781,25718700
2023-09-27,127.35810764338333,129.6661317841142,127.35810764338333,129.3095245361328,22746500
2023-09-28,128.61613182423616,132.04352470913275,128.56660009843606,131.06285095214844,22513100
2023-09-29,132.02372890123505,132.78647527166768,129.1312540349401,129.6265411376953,30859800
2023-10-02,129.9732433960953,133.15297801496536,129.93361196494698,132.90533447265625,22288000
2023-10-03,132.6774934391783,132.99446928200175,130.59728184486156,131.1817169189453,22989400
2023-10-04,131.53830697235477,134.29211643404554,131.28076318908475,133.96522521972656,26752300
2023-10-05,133.79685974121094,134.21289907677604,132.192119315503,133.79685974121094,19832600
2023-10-06,132.74681617552042,136.85770734068427,132.74681617552042,136.28317260742188,27597600
2023-10-09,135.64921945907278,137.63036765595723,134.33175409434926,137.11526489257812,19278100
2023-10-10,137.19450673636976,138.4030082937137,136.03553690481087,136.75865173339844,27786600
2023-10-11,137.27374202789582,139.77989295278536,137.27374202789582,139.2251739501953,25884300
2023-10-12,139.72044486468351,139.8888406057492,136.95673535288924,137.66004943847656,24765500
2023-10-13,138.06622579707164,138.68037691519407,135.33223155002526,136.0652618408203,23420500
2023-10-16,136.86760720097854,138.31385188558824,136.68931113689553,137.78884887695312,28501900
2023-10-17,137.3232929900395,138.58131122040757,135.88694844605996,138.40301513671875,23515800
2023-10-18,138.13555264144586,139.3935859571332,136.0850721525315,136.65960693359375,23375000
2023-10-19,137.19448376221146,138.34355310217805,136.08504584222058,136.45155334472656,26066000
2023-10-20,136.03552714034558,136.5704304415317,133.80673567464444,134.32183837890625,26335700
2023-10-23,133.76708863043964,136.36240244560938,132.6873667407286,135.2133331298828,26317900
2023-10-24,136.5307982366361,138.04637504765964,136.124659322582,137.50155639648438,44814300
2023-10-25,126.95196926111923,127.10054931723444,123.8910916279868,124.4260025024414,84366200
2023-10-26,122.1080464571952,123.1580599743897,120.1268985739716,121.12738037109375,57061100
2023-10-27,121.721739301728,122.14768645517988,119.0769083420869,121.0184326171875,44566500
2023-10-30,122.04863236669068,124.21799203586895,121.59296919351489,123.28684997558594,28940100
2023-10-31,123.88118925267857,124.18827234968963,121.5335335724306,122.91043090820312,26292300
2023-11-01,122.9005236105588,125.29771102759383,122.55382420024057,125.25808715820312,30082400
2023-11-02,127.2095031061741,127.76422209219731,125.73355005694552,126.28826904296875,27124600
2023-11-03,126.81329587313871,128.30905726801154,126.65480039534856,127.88311767578125,26393100
2023-11-06,127.83357680477238,129.1114106050115,127.45715385068908,129.0222625732422,19052700
2023-11-07,129.47792984284607,130.66661557993928,128.6557516366588,129.7354736328125,29757300
2023-11-08,129.7354650641289,130.96378214314169,129.54725360448614,130.59725952148438,26425800
2023-11-09,130.71614806102886,131.30058307721072,128.84396385761158,129.01235961914062,23747800
2023-11-10,128.87367527216182,131.54822187953658,128.19017683711922,131.34019470214844,26913300
2023-11-13,130.53784938427754,131.34021196042556,130.01284633778656,130.8449249267578,18324800
2023-11-14,132.9251386329532,134.4209000570862,132.06334401742188,132.36050415039062,32395200
2023-11-15,133.59868715782386,133.7571825976708,132.3109532751992,133.35104370117188,23861500
2023-11-16,133.91572337587885,135.9265877154924,133.05392869174796,135.63931274414062,28013200
2023-11-17,134.71807494996435,134.77750697640147,132.39021981477103,134.03457641601562,37240600
2023-11-20,132.42986133871003,135.37186779133089,132.36051389260578,134.96572875976562,27815500
2023-11-21,135.0053415510365,135.88695192229423,134.67846538924488,135.67893981933594,22635300
2023-11-22,136.1741959558059,138.10581204793675,136.1741959558059,137.18458557128906,17813900
2023-11-24,136.72893111429622,136.82799456252866,134.7081667590109,135.4015655517578,12514300
2023-11-27,134.7477835762215,137.1152548942663,134.718067564632,135.12420654296875,23436500
2023-11-28,134.7973154661077,135.95628526440245,134.14353298041522,135.90675354003906,18730000
2023-11-29,136.27325752745637,136.98645682367243,133.56897992052205,133.7175750732422,23967200
2023-11-30,133.77702780318285,134.27231482569374,130.04255942126184,131.28077697753906,38988300
2023-12-01,130.61709594726562,130.8647394618695,129.43831039935748,130.61709594726562,31442300
2023-12-04,128.65576445639306,128.80434452022507,126.69442448152655,128.051513671875,36669900
2023-12-05,127.73450033716857,130.89443347071432,127.04110163583205,129.75527954101562,27384800
2023-12-06,130.20104683681856,130.59727038431748,128.65575384062942,128.79443359375,23576200
2023-12-07,133.76712818260518,137.2539534649488,133.4303365951244,135.63931274414062,56767100
2023-12-08,132.93501323447373,135.1142727730799,132.76661748669068,133.7175750732422,32260100
2023-12-11,131.1321890142382,132.08313157577382,130.12179931701706,132.03359985351562,31138000
2023-12-12,130.56752946104135,131.74631469512764,130.0227108509649,131.27084350585938,29032800
2023-12-13,132.12273588018468,132.24159989723884,130.32979975315448,131.32037353515625,30104800
2023-12-14,132.12276380482388,132.45955533429708,128.46754335829976,130.6963348388672,38722400
2023-12-15,130.3793698451767,132.2515544567225,129.9435147838708,131.3501434326172,50847100
2023-12-18,131.379825680854,135.85720897900194,131.18169880212074,134.5199432373047,32258000
2023-12-19,135.55013468527125,136.17420110593048,134.79730393023888,135.36192321777344,25476800
2023-12-20,137.66007723180817,140.3643401618969,136.76856663088765,137.0360107421875,49107200
2023-12-21,138.17517842630895,139.36386425256705,137.8680877770193,139.09640502929688,27488300
2023-12-22,139.44311177628964,140.6516133137084,139.3836797523117,140.1563262939453,26532200
2023-12-26,140.25536747570143,141.33508949612715,139.85914392608302,140.18603515625,16780300
2023-12-27,140.25536116259798,140.74074783674814,138.57138848007864,139.04685974121094,19628600
2023-12-28,139.45299127087407,139.80959847650112,138.43270137157182,138.90817260742188,16045700
2023-12-29,138.31384373897544,139.03695848120938,137.47184984606176,138.37327575683594,18733000
2024-01-02,137.24403772207745,138.13554832155825,135.1935421823269,136.86761474609375,23711200
2024-01-03,135.9562628696607,138.31383350338552,135.78786712653144,137.6105194091797,24212100
2024-01-04,137.11524935880684,137.84827954999523,135.06476906710992,135.10438537597656,27137700
2024-01-05,135.4609970308709,135.8671360060493,133.87607255527527,134.4506072998047,22513900
2024-01-08,135.00532895706218,137.69969154899283,134.9756129451259,137.5312957763672,21404000
2024-01-09,137.19448071346397,140.15630202007083,136.84777381369236,139.6213836669922,24759600
2024-01-10,139.67093972821166,141.6520878094629,139.58179169214583,140.93887329101562,21320200
2024-01-11,142.1374815262308,143.85117046866557,139.31433932551914,140.7407684326172,24008700
2024-01-12,141.32518985756914,141.8501928649969,140.48321103195838,141.3053741455078,18785500
2024-01-16,140.66150965520748,142.98936462858398,140.1166909258045,141.1468963623047,22670500
2024-01-17,140.01764108362337,140.5030126705263,137.5907226892699,140.13650512695312,20968600
2024-01-18,140.71103470348461,142.85067809474862,140.65160268399825,142.12754821777344,25746400
2024-01-19,143.37568810486664,145.06956120297735,143.01908085553387,145.00022888183594,34271900
2024-01-22,145.71342925416275,146.99126295666431,144.46529644501962,144.6138916015625,32200400
2024-01-23,144.5148225261662,145.7926561788179,144.12849931815916,145.6539764404297,21636100
2024-01-24,147.13987487266473,148.43753968176426,146.704034951283,147.29837036132812,25233500
2024-01-25,148.6554553594219,151.60736180458775,148.13043720567228,150.4384765625,29149100
2024-01-26,149.67572544188013,151.10213919091456,149.5865623016617,150.7554473876953,26115500
2024-01-29,150.62668943208467,152.33047802772649,150.00262293630868,152.06301879882812,27784300
2024-01-30,151.3597295938864,152.1719925180601,149.76490464518363,150.03236389160156,36331800
2024-01-31,142.26624407162646,142.6426670575937,138.55159128366827,138.77943420410156,71910000
2024-02-01,140.78034915932784,141.71149098636405,139.462884139687,139.82940673828125,40466500
2024-02-02,137.9473022901638,141.27563087105102,135.2133240367394,141.03790283203125,62499600
2024-02-05,141.4737891857491,144.0988043000788,141.43415776046106,142.32566833496094,38505400
2024-02-06,143.2865333836356,143.98984762492026,141.8403037037534,142.74172973632812,29128200
2024-02-07,143.3954900682589,144.24738433228183,142.57331181571678,144.1681365966797,25208900
2024-02-08,144.45542022837463,144.95070726949984,143.7323053805209,144.53466796875,22563800
2024-02-09,145.2973811774696,148.03137498026427,144.80209419753828,147.59552001953125,26829500
2024-02-12,147.0209993419135,147.93232565817652,145.98089356178963,146.13938903808594,21564100
2024-02-13,143.553984129069,145.28748865156425,142.3355823254468,143.77191162109375,27837700
2024-02-14,144.7030413176847,145.13889626470424,142.73179375819484,144.56436157226562,22704200
2024-02-15,141.79076291731,142.1671858771817,139.13603183073639,141.42425537109375,37590700
2024-02-16,141.64219964584808,141.84031144795466,138.81905734220405,139.1954803466797,31468900
2024-02-20,138.34358047947055,140.7407679538146,138.1751846986445,139.78981018066406,25144700
2024-02-21,140.11669187948075,141.34500910368052,139.35394565312507,141.20632934570312,23223300
2024-02-22,143.56390544726003,143.63325289349388,141.45399276913673,142.73182678222656,27191900
2024-02-23,142.31575244424536,143.31622665623695,142.0780092634441,142.60302734375,19493800
2024-02-26,140.80018488112955,141.097360098055,136.09495847718128,136.2732696533203,53641800
2024-02-27,136.71901343712278,137.93741509771866,135.79777185353214,137.57090759277344,33099200
2024-02-28,136.60015939741334,136.70912315066133,134.13363961519383,135.09449768066406,37328600
2024-02-29,135.98597645143477,137.55108494285057,135.11426662964436,137.1548614501953,42133000
2024-03-01,137.12515439240792,137.561009379789,135.62939306295007,135.84732055664062,31151100
2024-03-04,134.38128712569457,134.38128712569457,130.66663422050593,132.0930633544922,55999400
2024-03-05,130.63691722244587,131.98409860384518,129.4383159101504,131.41946411132812,40194800
2024-03-06,131.86521128643497,132.3208819951356,129.6166190997975,130.1614227294922,35318600
2024-03-07,131.53830302016095,133.66804599825636,130.3694330601028,133.1133270263672,37738200
2024-03-08,132.94492038394168,136.78833656643275,132.73689322904636,134.13360595703125,39370400
2024-03-11,134.84683721432617,137.78884306732874,134.84683721432617,136.372314453125,32437800
2024-03-12,135.73837384104138,138.0662291271054,135.73837384104138,137.19451904296875,27563400
2024-03-13,137.68978898902412,139.7600850663766,137.6798886901947,138.4723358154297,23347200
2024-03-14,139.85915951055284,142.2365313030922,139.13604465019097,141.75115966796875,42753400
2024-03-15,141.1568082217187,141.83039134963047,138.71008900334536,139.8492431640625,49475400
2024-03-18,147.20919020973375,150.7158152205623,145.78276135280063,146.28794860839844,69273700
2024-03-19,146.76345753749575,147.38750892214128,144.7030616623303,145.64410400390625,24070400
2024-03-20,146.6049367935924,147.4568309498292,145.3568191244373,147.3379669189453,21311500
2024-03-21,148.06110892693906,148.95261955283513,145.51532628649926,146.208740234375,24755600
2024-03-22,147.7144053559253,150.15122429911875,147.57572558614754,149.34886169433594,29211800
2024-03-25,148.5266770782916,148.96253208338902,146.42666490641565,148.65545654296875,19229300
2024-03-26,148.80401587594451,150.82478002765382,148.56627269311343,149.24977111816406,22149100
2024-03-27,149.75496675016123,150.21063743065775,147.49645928934754,149.44789123535156,22879200
2024-03-28,149.42809160115786,150.00261121097796,148.75449343194893,149.50732421875,24485400
2024-04-01,149.2695949177701,154.27199652143653,149.19034718586528,154.02435302734375,31730800
2024-04-02,152.05311284830339,153.24179865539583,150.71583186847434,153.10311889648438,24586000
2024-04-03,152.15215189447844,153.61819698426797,151.2903423527122,153.45970153808594,24705000
2024-04-04,152.05312071787367,153.3111540270119,149.03186676205078,149.11111450195312,34724700
2024-04-05,148.61578157768875,151.9738260550577,148.18984211155626,151.0625,23459200
2024-04-08,151.33990060047478,153.80643540110964,151.17150482749398,153.39039611816406,20702000
2024-04-09,154.61869893107254,157.06541802943522,153.72718833727967,155.1239013671875,31079500
2024-04-10,154.73754505530377,155.13376854239746,153.22195318552534,154.66819763183594,22838600
2024-04-11,155.4309896137416,158.1748690577912,154.98523428039098,157.9074249267578,27166400
2024-04-12,156.4710527081727,158.70974417796904,155.6587748922991,156.2432098388672,25353700
2024-04-15,157.36259530028232,157.73901827873132,153.13283984468552,153.40029907226562,27136500
2024-04-16,152.73658329422793,154.18281264085593,151.98373749985862,152.94459533691406,20779500
2024-04-17,154.15309663204997,155.59934109360987,153.12290648576968,154.0045166015625,21763100
2024-04-18,153.87577639819307,155.4607009972949,153.16256184009333,154.53945922851562,19883000
2024-04-19,154.72765445129966,154.886149917532,150.86442193038377,152.63754272460938,32615600
2024-04-22,152.85546807916526,156.15408123867272,152.60782458474242,154.80690002441406,26446200
2024-04-23,155.48048502414463,157.47153310933248,154.80688691657065,156.76821899414062,21151600
2024-04-24,156.00550985016204,158.0659056519581,155.68851890451947,157.6300506591797,22779100
2024-04-25,149.90357714076376,155.01494301435423,149.44790641398717,154.52955627441406,57109700
2024-04-26,172.72638033694088,173.06318697805824,168.05086993453432,170.32919311523438,64665300
2024-04-29,167.46645176767586,167.95183850890314,163.65275062361349,164.58387756347656,45610000
2024-04-30,164.04896224577593,166.51549696973217,161.06733991987724,161.24563598632812,33562900
2024-05-01,162.7513151941065,165.54472608248636,161.55271397427848,162.31546020507812,33493200
2024-05-02,163.23667111385808,165.1583869545648,162.3451606237168,165.04942321777344,24294500
2024-05-03,165.9805805633127,166.37681924074352,161.51309716937072,165.66360473632812,34662400
2024-05-06,165.88153614579352,166.5551192408857,164.46500740235146,166.5155029296875,21871300
2024-05-07,166.91169460324474,170.14095992985162,166.80273087457311,169.63577270507812,28039700
2024-05-08,167.40699381865014,168.54614778977586,167.14945003877577,167.78341674804688,19569100
2024-05-09,167.79333673106953,169.08108601143434,166.59473548708618,168.35797119140625,15346700
2024-05-10,166.4461516776323,168.24900365253,164.62349910506936,167.060302734375,29799900
2024-05-13,162.71167888481415,167.6843645690759,162.45413508764602,167.54568481445312,31327600
2024-05-14,168.16974046044572,169.63578564580942,167.20888253839394,168.73435974121094,25127100
2024-05-15,169.0216272438825,171.02257561366113,168.90274809922303,170.88389587402344,26948400
2024-05-16,171.65656720711078,173.46931949790743,171.0622318573979,172.53817749023438,27867900
2024-05-17,172.5381677499416,174.60847884553613,172.05279617565412,174.40045166015625,24479300
2024-05-20,174.52923506740714,177.0849177951841,174.42027132306535,175.25234985351562,22554400
2024-05-21,175.2325569894993,176.47077464803155,174.15283481884995,176.17361450195312,16989400
2024-05-22,174.97498152917515,175.4801688011517,173.55846803904691,174.71743774414062,17880000
2024-05-23,175.40093273610896,176.5698027163018,171.31975787341443,171.9141082763672,21024900
2024-05-24,173.33063024095415,174.11319214706063,172.01316503791867,173.34054565429688,16579400
2024-05-28,172.8056425085786,175.5990686253191,172.7263947696327,174.7372589111328,20572200
2024-05-29,173.77640285215773,175.17311592654391,173.07310372275933,174.24197387695312,23388700
2024-05-30,173.54858715480162,173.568402869888,170.17072569327084,170.4877166748047,22931500
2024-05-31,170.2400414486173,171.428727178173,167.84285427810815,170.87400817871094,37638900
2024-06-03,170.91363798660555,172.884885765003,169.54665609137342,171.53770446777344,27459100
2024-06-04,171.64665293658192,172.21128734355756,170.2697557499601,172.15184020996094,26879600
2024-06-05,173.54856460290543,174.98489390330127,172.2905313702321,173.756591796875,22068500
2024-06-06,174.2419544852705,175.48017194214412,174.09337443642934,175.0641326904297,23251000
2024-06-07,175.3811193801314,176.19338215245025,172.65704104078017,172.81553649902344,19661400
2024-06-10,173.5196643924882,175.59233662545498,171.32797655674506,173.559326171875,23726700
2024-06-11,174.75928180816368,175.37413767386394,172.32959332705445,175.1559600830078,21540600
2024-06-12,176.77243198278012,178.91453072299208,174.65017169358057,176.3162384033203,27864700
2024-06-13,174.6502064308114,175.2749891373828,173.43040626625967,173.7080841064453,20913300
2024-06-14,172.77588046564773,175.59233589189165,172.70645343662588,175.32456970214844,18063600
2024-06-17,174.00558422755435,176.8815395045709,173.36096312594307,175.7708282470703,19618500
2024-06-18,175.67166697323572,175.91959469647514,172.6568725168595,173.63865661621094,21869900
2024-06-20,173.9163544591219,175.82043777672718,173.53951456642366,174.83865356445312,20160100
2024-06-21,175.5328474668185,179.3509408798961,175.1460807810823,178.14105224609375,57759000
2024-06-24,178.6666314019322,179.39057608957674,177.18897677924866,177.7344207763672,18298000
2024-06-25,178.13109862440768,182.76238649336386,177.93275948021235,182.50454711914062,23130200
2024-06-26,181.11618097811777,182.98058732909004,180.9674152518489,182.35581970214844,19839000
2024-06-27,182.65330785628058,184.50781754506613,182.49464561148105,183.8731231689453,18848900
2024-06-28,182.792147275446,183.59543062581383,180.4517091135773,180.64012145996094,29156600
2024-07-01,181.51283682486664,182.3557971056762,179.79718128044868,181.47317504882812,16006100
2024-07-02,180.54093868905224,184.03176464283646,180.0549949910811,183.70449829101562,17372500
2024-07-03,183.31776335097922,184.54747516508317,182.47480304485995,184.27972412109375,10242100
2024-07-05,184.3193809047392,189.2779352009688,184.25988067435352,189.0200958251953,20967500
2024-07-08,188.32590319025596,188.59366938357218,186.2234808204011,187.46311950683594,21035900
2024-07-09,188.73249043692135,189.77378986137018,187.1556738088654,187.41351318359375,15121400
2024-07-10,187.58210403384115,190.16055833537922,187.4631035723971,189.59527587890625,15952500
2024-07-11,188.2763207656611,189.27794332888038,183.54585552687806,184.03179931640625,25625800
2024-07-12,183.54587662834743,185.5590487799267,182.9607707607535,183.5359649658203,22898400
2024-07-15,183.38717059216182,186.67965791404401,183.38717059216182,184.98382568359375,16474000
2024-07-16,185.80696540628884,187.1160160000062,181.85003324241117,182.39547729492188,18290700
2024-07-17,181.45334926969147,182.028543422423,178.40878946455692,179.51951599121094,20734100
2024-07-18,180.42194633892038,180.98722878273526,175.00721361216966,176.21710205078125,25315700
2024-07-19,177.3972665467986,178.79556754067195,175.66177231612548,176.1873779296875,18881900
2024-07-22,179.09304357457464,181.1855538958276,178.73602709357348,180.16409301757812,24100300
2024-07-23,180.54098136257284,182.08804802244904,180.03519909370766,180.2831268310547,36352700
2024-07-24,172.16099630525835,174.72952357646327,170.39575233929236,171.19903564453125,49585200
2024-07-25,171.08994131369565,171.98247492787883,165.80412124707394,165.89337158203125,44852000
2024-07-26,165.76444269545533,166.69665320411124,162.70006016727737,165.61569213867188,41336900
2024-07-29,167.4305308304377,169.0172589803579,166.59749741680673,168.12472534179688,20293800
2024-07-30,168.8288597911077,169.8106438435088,167.04377724268764,168.87843322753906,18959700
2024-07-31,171.80400847021264,172.80563107068153,168.60077124290896,170.1180877685547,25729100
2024-08-01,168.83877635874134,172.60728070774732,167.48013730321483,169.34454345703125,24531400
2024-08-02,165.0603715765524,167.11320535730545,163.30503897249685,165.27854919433594,29130100
2024-08-05,154.21106115128595,163.06703315517944,153.64577861539027,157.9299774169922,53630700
2024-08-06,158.0092930412871,159.23901995455182,155.11349914776707,156.9779052734375,49004600
2024-08-07,159.91339324492824,161.6290489788197,157.15643797042205,157.62254333496094,25138600
2024-08-08,159.17948508981146,162.33313310507484,158.88198397429082,160.6868896484375,25578800
2024-08-09,158.68364346895095,162.43230917233856,157.74152121280017,162.3133087158203,28602300
2024-08-12,162.98768499629125,163.53311386044192,160.4984810667238,160.9447479248047,15895300
2024-08-13,162.05545705089867,163.3645073701746,161.61910190037165,162.7992401123047,18551700
2024-08-14,161.05383649410487,161.8670466571722,156.4027253040999,159.04066467285156,40591100
2024-08-15,159.1695951936991,160.30014498417518,158.28697312159332,159.9629669189453,31524300
2024-08-16,160.1315525357236,163.69179086382167,159.79437447768626,161.6092071533203,24208600
2024-08-19,163.9099594856968,165.30827534265444,162.8984102346736,165.28843688964844,22416200
2024-08-20,165.51655736424223,167.24213992598882,165.437233801864,165.7942352294922,18341500
2024-08-21,163.7810405444825,165.46696109244462,163.30502357434244,164.47525024414062,22902000
2024-08-22,165.87354107961212,166.20080745577815,161.95628649048913,162.44223022460938,22493300
2024-08-23,163.35459771593284,164.80248695248906,162.4719757441867,164.24713134765625,13955700
2024-08-26,165.00086193151313,166.1611618513878,163.09677884769525,164.78268432617188,14190400
2024-08-27,164.46532966550507,165.06036224989415,163.0967789331017,163.31494140625,11821900
2024-08-28,163.67192524776766,164.22729594404223,160.1910261814006,161.50009155273438,16407400
2024-08-29,162.94802283987033,164.59426663919365,158.92167882710484,160.43899536132812,19699800
2024-08-30,161.27201637464404,162.30340415057861,160.34973253169585,162.02572631835938,22123800
2024-09-03,160.3794938325781,160.50842109663853,155.18292307861995,156.05563354492188,38945300
2024-09-04,155.3614183931521,157.68201804584697,154.66722385588943,155.1531524658203,19353800
2024-09-05,155.00441956460497,158.12830290448517,154.6870648072252,155.93663024902344,18688700
2024-09-06,155.9961425992905,156.52174821625567,149.3020933804946,149.6690216064453,37912100
2024-09-09,151.44650905863844,152.3303022884686,146.19340404923173,147.6730194091797,39260500
2024-09-10,149.4008786095233,150.21516785637962,147.30559146131813,147.6233673095703,31118800
2024-09-11,148.8745981614033,150.4435825568505,146.49133954819087,150.10595703125,29607700
2024-09-12,152.72753482151148,153.74042646617514,151.58554483567272,153.611328125,29621500
2024-09-13,154.34618644505002,157.275628351873,154.12773443518788,156.36204528808594,29591200
2024-09-16,156.21305455425028,157.14650223678444,155.50801396162132,156.95782470703125,18379800
2024-09-17,157.91111909387857,159.43044881944618,157.27558257568288,158.2090301513672,20715600
2024-09-18,158.74527204850892,159.38080862321627,157.49406367866266,158.69561767578125,23677300
2024-09-19,162.56844369236055,162.64787251183546,160.2149595890298,161.00938415527344,26587700
2024-09-20,162.3598804928704,162.5882724123634,160.9299194880009,162.44924926757812,40896400
2024-09-23,163.20395671072333,164.33600662936618,160.5426370715715,160.7213897705078,24150900
2024-09-24,161.89315521075918,162.08183272389985,159.5694761752488,161.15830993652344,23332100
2024-09-25,160.3440420812531,161.67469438550233,160.17522933988297,160.36390686035156,18869200
2024-09-26,162.49890337717716,162.93583758934093,161.1483863361193,161.59524536132812,20319300
2024-09-27,161.67468229198863,164.5445289853853,161.4959447506325,162.80673217773438,21101300
2024-09-30,162.1811552014193,164.99140790109868,162.12156086139018,164.69351196289062,20413900
2024-10-01,166.52070794346955,167.9804589148179,163.43239322106191,165.82559204101562,28338100
2024-10-02,165.2595227746661,166.35185834560912,163.58130501221132,164.70343017578125,17760200
2024-10-03,163.26354430672865,165.47798988885472,162.77695570651093,164.70343017578125,15073100
2024-10-04,166.8880921706125,167.05690491903522,164.32608104579808,165.8950653076172,19047400
2024-10-07,166.55045841132394,167.30515333490106,161.6151139348849,161.843505859375,22463100
2024-10-08,162.79678473963287,163.58126909386658,161.73423899462517,163.2337188720703,23072700
2024-10-09,162.31024767332997,163.6905544913904,158.626126271172,160.73133850097656,31181800
2024-10-10,159.74822939172097,161.9329006503817,159.2815055457696,160.94979858398438,14144100
2024-10-11,160.99943947811877,162.7570859994371,160.11564623470997,162.10169982910156,15344300
2024-10-14,162.49893526546052,165.0708715207676,162.26060333413267,163.8097381591797,19016100
2024-10-15,164.63389887361683,166.51071883252447,163.48199935482498,164.30621337890625,20247200
2024-10-16,163.38270428394787,164.64385260964121,162.59821974974642,164.00831604003906,16406000
2024-10-17,164.5743474287461,165.20988405229943,161.6250562602158,161.7938690185547,21453400
2024-10-18,162.05206459531138,163.56146974796116,161.9428310286251,162.28045654296875,19757700
2024-10-21,161.8137182306033,163.35291284104187,161.48601755980903,162.92591857910156,20946500
2024-10-22,161.8434924612248,164.61404552751452,161.8434924612248,163.98843383789062,16568100
2024-10-23,163.61108623567196,164.66370734673023,160.80081863998697,161.6448974609375,18280500
2024-10-24,161.69454543683605,162.19105880543688,159.88722950198394,161.58531188964844,22412500
2024-10-25,162.52868955985642,164.43529913917524,162.2804328674599,164.11753845214844,19828900
2024-10-28,167.57326188738554,167.57326188738554,162.80673051877835,165.5574188232422,32138600
2024-10-29,166.5603811631735,169.1919112784263,165.92484461634618,168.4967803955078,42169000
2024-10-30,179.42006644238907,180.75073380709983,172.84623418689728,173.2434539794922,68890800
2024-10-31,171.92274281377416,175.58701430239046,169.80759078159048,169.9168243408203,44769000
2024-11-01,168.88407180529182,171.11838206105315,167.70236751230738,170.09555053710938,31796500
2024-11-04,168.7450359899921,169.53946045641658,166.83842636200512,168.0598602294922,21492700
2024-11-05,168.2485301772737,169.34086576189884,167.66264797842342,168.55638122558594,18242100
2024-11-06,172.58808035816057,175.706184256144,172.2901692540448,175.2791748046875,33695500
2024-11-07,176.172887641411,179.81729416706102,175.95442053394322,179.48959350585938,25352900
2024-11-08,179.3902725978056,179.63852928014543,176.83820178259256,177.1063232421875,22006200
2024-11-11,177.33473026430633,179.29099430009822,177.22549670866968,179.09239196777344,17450400
2024-11-12,178.56607957571185,181.21745921136755,178.13907018890748,180.353515625,25134900
2024-11-13,179.2016134734521,179.69812684707063,177.29498878465753,177.63262939453125,23184000
2024-11-14,177.0368367475182,177.5730797656032,173.10445865937317,174.3556671142578,31007500
2024-11-15,172.51854448191054,172.92568911299827,170.02605262888574,171.28720092773438,32504600
2024-11-18,172.21071091338408,174.21662935117394,171.69433271949634,174.07760620117188,20135300
2024-11-19,172.50861780572185,177.6226997913749,172.34972988032243,176.8779296875,23434900
2024-11-20,176.1033704582549,176.4409959363333,172.56819744687726,174.7528533935547,18997100
2024-11-21,172.6873573172244,172.91576439472308,162.55848682005697,166.46109008789062,59734400
2024-11-22,164.6935100313798,165.29925701927786,162.75709554141247,163.61109924316406,38604600
2024-11-25,164.93183746085825,167.45413432230188,164.4551887820581,166.48095703125,33135300
2024-11-26,166.46108883905265,168.6358199751134,166.41143446812606,167.94068908691406,20486700
2024-11-27,167.82151959076907,168.2981681848086,166.8483576251592,168.04991149902344,19266500
2024-11-29,167.3250068391348,168.2485144405321,165.99435463496883,167.77186584472656,14257200
2024-12-02,167.59314004161567,170.88005637942206,167.3945377088188,170.29417419433594,23789100
2024-12-03,170.29418101536214,171.4758702461707,169.6586444335241,170.1452178955078,22248700
2024-12-04,169.95652067469916,173.6903109186826,169.8671519045746,173.15406799316406,31615100
2024-12-05,174.1371760101365,174.83229172271828,171.12830609165766,171.43614196777344,21356200
2024-12-06,170.83040986678466,173.85914482652376,170.66159711852214,173.49172973632812,21462400
2024-12-09,172.94494909205568,175.2315164432607,172.63674520121344,174.34671020507812,25389600
2024-12-10,181.78305343524673,185.27256668487914,179.99355362655623,184.08950805664062,54813000
2024-12-11,184.22870587804087,194.46860797595772,183.7713984925761,194.25982666015625,67894100
2024-12-12,193.86214396789393,194.04108635776814,190.59134831615194,190.8398895263672,34817500
2024-12-13,189.89543056387427,191.60539539173107,188.53342951612586,188.71238708496094,25143500
2024-12-16,191.74457308879215,197.8388085792474,191.49603187198403,195.51246643066406,44934900
2024-12-17,196.09903250515634,200.2446984442106,193.84227386580446,194.2797088623047,43504000
2024-12-18,194.0808868210915,195.8504992556076,186.64453708673446,187.30067443847656,34166100
2024-12-19,190.5118237091531,191.90364849444197,187.28078779996244,187.41001892089844,32265200
2024-12-20,184.69595286927182,191.76446587529261,184.13922295556452,190.29310607910156,63462900
2024-12-23,191.49604252749893,193.96158245764806,189.04045395521715,193.49432373046875,25675000
2024-12-24,193.70308928801546,194.96568298339844,192.64927690043314,194.96568298339844,10403300
2024-12-26,194.01127759173056,195.6019475277096,193.24578152744004,194.4586639404297,12046600
2024-12-27,193.8124315456521,194.1802828500262,189.53751972128225,191.6352081298828,18891400
2024-12-30,188.69249985736334,191.42645331502607,188.01645984137915,190.1240997314453,14264700
2024-12-31,189.96503162659658,190.83990159620672,187.41002054250913,188.19541931152344,17466900
2025-01-02,189.53752836365504,190.87965701997763,186.4059150585719,188.32464599609375,20370800
2025-01-03,190.2533357330172,192.08261071335764,188.87144710211905,190.67088317871094,18596200
2025-01-06,192.84811629000748,197.06338121642014,192.7188851595698,195.72125244140625,29563600
2025-01-07,195.95986188833012,199.8271630946656,193.46451322323452,194.3493194580078,26487200
2025-01-08,191.44634580773328,195.14462535167834,191.2574520458894,192.8182830810547,24864800
2025-01-10,193.16625612788005,195.37330356826695,189.19953244831908,190.91943359375,26665200
2025-01-13,188.96094444164697,190.064453003047,186.2667506795452,189.89544677734375,21823700
2025-01-14,190.1241119208904,190.85978428074978,187.21120070733548,188.55332946777344,17174900
2025-01-15,191.963298457138,195.21422195403466,190.7404798677513,194.40895080566406,21776000
2025-01-16,193.00718142531574,194.33935880818177,191.6849402307685,191.78436279296875,17815400
2025-01-17,195.38324473334276,196.07915719403834,192.61946726818474,194.85633850097656,27735100
2025-01-21,197.90841585876197,201.10961291187695,196.71540583129996,196.8943634033203,29971300
2025-01-22,197.89847013086398,199.31018252245178,196.3773989893062,197.21249389648438,26200600
2025-01-23,196.98383809552067,199.13123797930666,194.060990781993,196.82476806640625,26951400
2025-01-24,196.9440747387753,199.72772435097139,196.8446521798743,199.04176330566406,23877500
2025-01-27,191.28728569008513,195.731204323553,189.61708065071457,190.69078063964844,41728900
2025-01-28,191.6252920206379,194.33935805697908,189.56736331512153,194.16041564941406,24157900
2025-01-29,194.41887879385513,195.64169733166847,192.30130277467072,194.26976013183594,18218300
2025-01-30,196.84465797279535,200.22481269836635,196.5165817224703,199.69790649414062,24354700
2025-01-31,200.82131144659704,204.28100107943342,200.62248149891727,202.82952880859375,32001100
2025-02-03,199.5189590127464,202.5611012223486,198.93240535424198,200.05580139160156,27838300
2025-02-04,202.20322238534604,205.84186999162728,201.62660485458937,205.17578125,43856400
2025-02-05,189.9550846125892,191.62527427419866,186.93281498241248,190.21356201171875,70373900
2025-02-06,188.3942574313725,190.979092361129,187.61880998639617,190.4820098876953,29297400
2025-02-07,189.9352025187049,190.06443363710238,182.17077726737304,184.25851440429688,49315000
2025-02-10,186.2567974441607,187.10182849533746,184.77548630303588,185.38192749023438,23105600
2025-02-11,183.95033114344977,185.8491897525843,183.20470746476104,184.2386474609375,21239500
2025-02-12,182.15091151282658,184.0298827457132,180.769022777209,182.53863525390625,22072600
2025-02-13,183.24447609175039,185.1930307415901,182.0713536570594,185.05384826660156,21402500
2025-02-14,183.980148455519,185.31232574087161,183.24447616019845,184.14915466308594,20448400
2025-02-18,184.51700109702455,184.8749010476211,180.67952419275377,182.6976776123047,29916700
2025-02-19,182.99593948623902,184.3778280833638,182.51872941446393,184.18893432617188,19549400
2025-02-20,183.72168304847523,184.22870170428735,181.65381816300632,183.4830780029297,20441500
2025-02-21,184.06963495987821,184.25852872808807,178.03506158410121,178.61167907714844,35199200
2025-02-24,180.9280885264688,182.0514846282233,177.84617104858543,178.20407104492188,29854200
2025-02-25,177.00113079837024,177.69705843760613,173.67068713379516,174.39642333984375,41913400
2025-02-26,174.04844897153603,175.05255001700533,170.57880815600546,171.7220916748047,35431300
2025-02-27,172.97475539808346,173.5414214994902,166.96005475439284,167.51678466796875,39991000
2025-02-28,167.69573747342162,169.61448372650818,165.7968939367366,169.28640747070312,48130600
2025-03-03,170.92676623691273,172.35836613901347,164.96177675799476,166.0354766845703,40770500
2025-03-04,165.2699838540156,172.27883449293637,164.8325488565178,169.92266845703125,45388000
2025-03-05,169.525009408903,172.7659816444027,168.07352192530007,172.0104217529297,30954900
2025-03-06,169.5349574978289,173.78998251590772,169.50513376118735,171.34434509277344,28302000
2025-03-07,170.2606550023985,173.94901301610327,169.27644157744749,172.84548950195312,27385800
2025-03-10,167.47083096485238,167.66990508590422,162.9222728186128,165.092041015625,43604000
2025-03-11,164.13655982614347,165.96792640359425,160.6131542630149,163.2706298828125,39587400
2025-03-12,165.79871989426576,166.85374592604674,162.76302175465403,166.32623291015625,28372400
2025-03-13,165.26121181015847,165.35080122322609,161.3496520759598,161.99659729003906,31756200
2025-03-14,162.5042625866914,165.70916189584676,161.68810112377207,164.71385192871094,31995900
2025-03-17,164.25600506871956,165.5200529979304,162.90238288608768,163.51947021484375,31184300
2025-03-18,162.9123202600298,163.47965420375513,155.98497172829607,159.91644287109375,42074800
2025-03-19,161.0013078964,165.09203178483114,160.24487791525596,163.12132263183594,34275600
2025-03-20,160.81224147740926,164.11666272842527,160.2051017794059,162.03646850585938,28138500
2025-03-21,160.45391074936325,163.46969843906228,160.13540430124633,163.2208709716797,36625800
2025-03-24,166.2864302357092,167.53056759539257,164.36547425500177,166.8935546875,30879100
2025-03-25,168.18747918173491,169.82974979049783,167.53058612545505,169.76007080078125,24174400
2025-03-26,168.20738179291607,168.81452147078184,164.06688875000268,164.28585815429688,28901600
2025-03-27,163.85787020298363,164.6441583248392,161.24020036188836,161.4790802001953,24508300
2025-03-28,159.73729883034673,161.0610628820661,152.9094719877664,153.60618591308594,48669300
2025-03-31,152.39191084034044,154.81050678909716,149.9534044396659,153.91473388671875,54603500
2025-04-01,152.89951197653428,157.35851155491952,152.89951197653428,156.33334350585938,30672900
2025-04-02,154.42231653657922,157.6670363544579,153.97443014331054,156.30345153808594,25041700
2025-04-03,150.40126224975654,152.0634277685816,149.68463798943145,150.01309204101562,46883400
2025-04-04,147.31581486644404,150.36147595978116,144.69816012059908,144.91712951660156,62259500
2025-04-07,140.8861135726325,152.13311801627722,139.87089326407514,146.0617218017578,76794100
2025-04-08,150.5107721866655,151.5259925903324,142.35918124819136,144.02134704589844,52200200
2025-04-09,143.74266444963052,158.8017091980402,143.23506183090237,157.9656524658203,70406200
2025-04-10,155.805779208126,156.9802525925821,149.22678125340175,152.10324096679688,48022000
2025-04-11,152.18286551192307,156.93049760914,152.10325409102202,156.40298461914062,33636200
2025-04-14,159.24959030436233,160.96152461511218,156.82103162226488,158.32395935058594,30333000
2025-04-15,158.38367026397722,158.90122048049952,154.48205725338974,155.57688903808594,27551500
2025-04-16,152.381953334393,155.1588613016161,150.7993990348029,152.61087036132812,28187400
2025-04-17,153.56635949907425,153.9545297569088,147.8035217962651,150.4510498046875,33046600
2025-04-21,148.18173331794077,148.25139710913984,145.41477318745027,146.97740173339844,26049100
2025-04-22,148.19169631147875,151.4762221498679,147.84333175770095,150.7595977783203,26971800
2025-04-23,154.8801740321897,156.79116721631257,153.08861317606707,154.62139892578125,31128800
2025-04-24,155.41761919174232,158.8414873336237,155.05930705626122,158.53294372558594,45894000
2025-04-25,164.29580798857202,165.32097594255075,160.2846952290497,161.2003936767578,56034000
2025-04-28,161.66816061799582,162.38478487609163,157.85613751727615,159.85670471191406,29745800
2025-04-29,159.56809722983294,159.98612558310694,156.7812263541152,159.40884399414062,26809000
2025-04-30,157.2390449367046,158.52300314058715,154.67114371616248,158.05520629882812,34981100
2025-05-01,159.69748324974734,161.19044821971175,158.1647125629629,160.5435028076172,30203200
2025-05-02,162.64359387625743,164.19627488526416,161.11080813038504,163.26068115234375,25715000
2025-05-05,162.2355030126838,164.61429290949133,161.95681747402023,163.43983459472656,21341800
2025-05-06,161.40940569190968,164.02707560554774,160.43400623609975,162.4644317626953,21277200
2025-05-07,163.31046231573168,164.22614566911673,147.1466228745946,150.67002868652344,127490100
2025-05-08,154.27303609354425,155.19866702023802,152.1828792070647,153.55641174316406,57498700
2025-05-09,153.44693820644628,154.32281585111178,151.4861763255997,152.03359985351562,32435300
2025-05-12,156.75134515840134,158.3537945366218,155.5171555445994,157.716796875,44138800
2025-05-13,158.04526446648646,159.81693019668407,155.42760955592857,158.78179931640625,42382100
2025-05-14,159.209775932056,166.21675084206151,158.86141139731794,164.59439086914062,48755900
2025-05-15,165.06218171025907,165.43045668169412,161.60845531931332,163.19100952148438,33146700
2025-05-16,166.94332352608356,168.55573587450803,164.8432190515902,165.41055297851562,42846900
2025-05-19,163.73844823741797,165.85846346989888,163.44981500991713,165.75892639160156,30426100
2025-05-20,165.6494131078347,167.70971181285083,162.13597050857302,163.21090698242188,46607700
2025-05-21,162.9222851886465,172.32796100800184,162.79289003758296,167.76943969726562,73416000
2025-05-22,171.0440028391721,175.94092545127197,169.90935022401754,170.06858825683594,74864400
2025-05-23,168.26708452621156,169.1628725233235,167.10257379846712,167.6798553466797,35211400
2025-05-27,169.36194132235366,172.35781874405163,169.20268808863054,172.08908081054688,37995700
2025-05-28,172.34785613681433,174.4479605139837,171.10371883250124,171.55160522460938,34784000
2025-05-29,173.1839175950813,173.60194591853366,169.82972818892713,171.053955078125,29317300
2025-05-30,170.54633906565317,171.40230609492238,166.65467413099773,170.93450927734375,52639900
2025-06-02,167.05279205086583,169.0732697161459,166.60490568135657,168.23721313476562,38612300
2025-06-03,166.70445769264217,167.68980475652552,164.50481616986866,165.4005889892578,45084900
2025-06-04,165.9579872104258,167.43104169003885,165.57976456796413,167.2618408203125,26900800
2025-06-05,169.54106580736408,170.12829493792012,166.80396388771035,167.4210662841797,36379100
2025-06-06,170.02877834744078,173.68156356382352,170.02877834744078,172.8654022216797,35731800
2025-06-09,173.93168685751374,175.85496833236684,173.76228116584014,175.47628784179688,28935900
2025-06-10,175.58590961128442,180.47880106496282,174.30041217393423,177.97755432128906,61766100
2025-06-11,179.1434824964821,179.74138229531295,176.1340033305199,176.73191833496094,31646800
2025-06-12,175.5659846289993,176.104111180473,174.14097564629483,175.08766174316406,20941900
2025-06-13,171.8390248989685,176.51268202547473,171.78919611484426,174.06124877929688,27663100
2025-06-16,174.1210168140944,176.323321086937,174.0412938099689,176.15391540527344,27389200
2025-06-17,175.0876480323832,176.74186625647056,173.9715563176299,175.33677673339844,24973000
2025-06-18,175.39658525731375,175.94467150338016,172.59638077040555,172.71597290039062,28707500
2025-06-20,173.34373983894176,173.73237998796506,164.88333923967906,166.05921936035156,75659900
2025-06-23,165.6905108199857,166.75677368964836,161.43538860354417,164.61427307128906,57671000
2025-06-24,166.3382681524042,167.6337405858712,165.5510280582942,166.1887969970703,40524300
2025-06-25,167.04578597314622,171.75929686583365,166.96606296199934,170.08514404296875,35479000
2025-06-26,171.82903340932134,173.0846517431964,169.3477213792513,172.93516540527344,31796700
2025-06-27,172.93517666884486,178.057262279745,171.13148726193396,177.9077911376953,108140200
2025-06-30,180.14994433141436,180.59837295030215,173.9715556124037,175.6157989501953,63378900
2025-07-01,175.12751523681553,175.47628629108172,172.92521085330227,175.22715759277344,35904500
2025-07-02,174.92819320035304,178.23662948182692,174.4598452552033,178.01739501953125,29128900
2025-07-03,177.8778726988789,179.04379306500536,176.43292943516354,178.90428161621094,21689700
2025-07-07,178.43593621915562,178.67510524325024,175.0677113564662,176.17384338378906,34175600
2025-07-08,177.2301614259221,177.3298037815242,172.20771837081963,173.7523193359375,40442500
2025-07-09,174.63923502855474,178.81463486384698,172.16788235105685,176.00445556640625,43025600
2025-07-10,175.0179065004666,177.80813589252995,173.77226294843484,177.00096130371094,29252400
2025-07-11,176.17385213436023,180.797680390592,175.86493496639972,179.56201171875,34282900
2025-07-14,180.37914463511837,183.02987774300456,179.05377808117527,180.92723083496094,32536600
2025-07-15,182.17288201396957,183.57797163820845,180.96710752938097,181.36570739746094,33448300
2025-07-16,182.60136914957832,183.68756658300003,181.39557960576295,182.33230590820312,33104200
2025-07-17,181.5052018275631,183.418508384776,179.8509836397114,182.940185546875,31992600
2025-07-18,184.75383518149354,185.7702845204503,183.069737966418,184.41502380371094,34014500
2025-07-21,185.6008814217948,189.62679452163042,185.50122385959315,189.43746948242188,45803100
2025-07-22,190.83257222804642,190.98204335642563,186.8066593790816,190.67312622070312,44660200
2025-07-23,190.83261008559217,191.85901925237124,188.52068813729787,189.56703186035156,58681900
2025-07-24,196.34330659716778,197.26009837341095,190.33432366848066,191.500244140625,74881700
2025-07-25,191.31091436137532,193.65273031316045,190.59342246149265,192.50672912597656,39785900
2025-07-28,192.97507635824056,193.37369138388394,190.17487232763284,191.9088134765625,38139500
2025-07-29,191.7593429801203,195.23718523880464,191.41057191018163,195.06777954101562,41389200
2025-07-30,194.91831074404357,196.91134044406198,194.0114785811888,195.84506225585938,32445400
2025-07-31,195.0279201110307,195.30694304131825,190.42401135006776,191.23118591308594,51329200
2025-08-01,188.371198147092,190.16492789219942,187.16542371122097,188.47085571289062,34832200
2025-08-04,189.62679933287328,194.5894541087341,189.45739363731957,194.36024475097656,31547400
2025-08-05,194.03140047861146,197.17041596913074,193.21425105621586,193.9915313720703,31602300
2025-08-06,193.82211565771695,195.94469690577856,192.99500660427324,195.4065704345703,21562900
2025-08-07,196.37319428256532,196.85151710519096,193.65271327152095,195.8350830078125,26321800
2025-08-08,196.53264334375206,201.90385732363322,196.48281456433622,200.71800231933594,39161800
2025-08-11,200.23969579500547,200.77780712193308,198.37621789685548,200.2994842529297,25832400
2025-08-12,200.6681968640444,203.78729330959044,199.89091647275984,202.63133239746094,30397900
2025-08-13,203.41858472937733,203.81718459405647,196.82164596798347,201.2561492919922,28342900
2025-08-14,200.79772807656252,203.72748396129663,200.52866482851726,202.2327117919922,25230400
2025-08-15,203.13954799676898,205.7205176785909,200.57849766290207,203.18936157226562,34931400
2025-08-18,203.4883288365654,204.55460702217843,201.7842969623296,202.790771484375,18526600
2025-08-19,202.32239574793277,202.73097045946378,199.26310326239187,200.86749267578125,24240200
2025-08-20,200.03040999419306,200.57849617106174,195.9148142419443,198.62533569335938,28955500
2025-08-21,199.05384826660156,201.77432964491462,198.73495620472804,199.05384826660156,19774600
2025-08-22,202.02344423178036,207.81319287530533,200.59843534470966,205.37173461914062,42827000
2025-08-25,205.71053353164982,209.78629043498435,204.56454764589003,207.76336669921875,29928900
2025-08-26,206.7867811726176,207.12560776169755,204.98309181316571,206.41807556152344,28464100
2025-08-27,204.9830866269172,208.18190575216585,204.93325784693593,206.7568817138672,23022900
2025-08-28,206.52770514920687,211.48038522978865,206.17891886526334,210.90240478515625,32339300
2025-08-29,209.77630903075314,213.90187937901428,209.4673918992759,212.16795349121094,39728400
2025-09-02,207.7135567307211,210.94225509702446,205.48135800383685,210.61341857910156,47523000
2025-09-03,225.42162175778444,230.50383816310156,224.0065573472935,229.85610961914062,103336100
2025-09-04,228.8496136665047,231.56013509073304,225.32195802772998,231.49038696289062,51684200
2025-09-05,231.3907399385365,234.9383302920627,231.09178244912047,234.1809844970703,46588900
2025-09-08,234.85920568133895,237.512309448077,233.0638717332001,233.4329071044922,32474700
2025-09-09,233.56257898038902,239.8462403027557,232.62501483391662,239.0084228515625,38061000
2025-09-10,238.280317666347,241.03316831731985,237.23305340830441,238.54962158203125,35141100
2025-09-11,239.25777124796906,241.62161874698785,235.63718236935347,239.74649047851562,30599300
2025-09-12,239.746507229255,241.45207841249842,237.38265956507763,240.17539978027344,26771600
2025-09-15,244.02536743382055,251.75526430827645,244.02536743382055,250.95733642578125,58383800
2025-09-16,251.42612617048883,252.38362748338088,248.82289569604956,250.50851440429688,34109700
2025-09-17,250.56835490468708,250.94737408261642,245.6411664684413,248.8827362060547,34108000
2025-09-18,251.02713777006548,253.33115844169183,249.1520248167527,251.37623596191406,31239500
2025-09-19,252.5930770553269,255.33594363736893,251.15680993729336,254.05926513671875,55571400
2025-09-22,253.7700196733437,255.11652395864965,249.65074294375358,251.8749542236328,32290500
2025-09-23,252.38362744671002,253.7002107757565,249.8302703204236,251.00721740722656,26628000
2025-09-24,251.00722705371746,251.69543970951247,245.80076590550527,246.4989471435547,28201000
2025-09-25,243.76602627878,245.8506164364007,240.1155317960277,245.1524200439453,31020400
2025-09-26,246.42912138871642,248.77301648715127,245.33196864020064,245.90048217773438,18503200
2025-09-29,247.20709239615746,250.4985201433971,242.1402679011131,243.4169464111328,32505800
2025-09-30,242.18018034462705,242.6589310263489,238.6294169517045,242.4694366455078,34724300
2025-10-01,240.12551089529904,245.66111761710096,237.9910625183314,244.26473999023438,31658200
2025-10-02,244.51409604788847,246.16979380429245,241.67149783253905,245.05270385742188,25483300
2025-10-03,243.85582267520638,245.66112527970623,241.0331615881319,244.71359252929688,30249600
2025-10-06,244.14507219866994,250.66811683606912,243.94559401576447,249.78041076660156,28894700
2025-10-07,247.62602723387863,249.7903967365714,244.88316034229135,245.12252807617188,23181300
2025-10-08,244.3246032710778,245.37186749350337,243.18756093367097,243.9854736328125,21307100
2025-10-09,243.83586445575082,244.12510552114733,238.52965682972516,240.9034881591797,27892100
2025-10-10,240.80373872383117,243.45684250665406,235.22824247873842,235.95635986328125,33180300
2025-10-13,239.58694087972822,243.865806618421,239.08823779870895,243.51670837402344,24995000
2025-10-14,240.60426901896764,246.47899033376285,239.88613541009548,244.81332397460938,22111600
2025-10-15,246.60865147753682,251.45604559967558,245.3519253048375,250.37884521484375,27007700
2025-10-16,251.1169327071502,256.29345747170413,249.45126638195018,250.8077392578125,27997200
2025-10-17,250.10955476977685,253.5605866634714,247.1672097408255,252.64297485351562,29671600
2025-10-20,254.0293759063695,256.6625123260812,253.5705623788801,255.88453674316406,22350200
2025-10-21,254.07924557223262,254.21888182305858,243.51670298346056,249.8103485107422,47312100
2025-10-22,253.71019631561148,255.69502480450944,248.64337127106648,251.0371551513672,35029400
2025-10-23,252.3237915100895,254.3784456458486,251.19673296350098,252.4235382080078,19901400
2025-10-24,255.91442564996356,261.00120248797276,254.65771475094738,259.24578857421875,28655100
2025-10-27,264.13309426145156,269.43930209007345,263.59448643744673,268.571533203125,35235200
2025-10-28,268.9904266199372,270.0277373828665,265.80869904433325,266.77618408203125,29738600
2025-10-29,267.05547147917497,274.6257797911847,266.97569238760303,273.8577880859375,43580300
2025-10-30,290.8336389163956,290.8336389163956,279.3335478851562,280.7498779296875,74876000
2025-10-31,282.47538175038454,285.25815337777135,276.3114191679317,280.46063232421875,39267900
2025-11-03,281.44802550171426,284.78934178113053,279.07419428639605,282.9840393066406,29786000
2025-11-04,276.03213953132416,280.5404041676455,275.5434202802167,276.8200988769531,30078400
2025-11-05,278.1466483880774,285.6770830892533,276.6206181949745,283.5725402832031,31010300
2025-11-06,284.58986519375543,287.60205105478576,280.41076169575746,284.0113830566406,37173600
2025-11-07,282.47536340962876,283.04389217242976,274.47617771869056,278.1067199707031,34479600
2025-11-10,283.6822445549795,290.0456696400176,282.12626310035637,289.3475036621094,29557300
2025-11-11,287.00361887503476,291.16281590202783,286.5747415369323,290.55438232421875,19842100
2025-11-12,290.9234183741868,291.2525794490294,282.95415298016115,285.96630859375,24829900
2025-11-13,281.60762197974475,282.1063250073575,276.5208450104115,277.847412109375,29494000
2025-11-14,270.7059931829425,277.8374407083971,269.99784337488455,275.6930236816406,31647200
2025-11-17,285.038677928695,293.1874981262189,282.8344192497114,284.2806396484375,52670200
2025-11-18,287.1731753233953,288.05086711584505,277.4783868942568,283.5426025390625,49158700
2025-11-19,286.4151077996695,303.02191144888764,285.88648384239787,292.0504455566406,68198900
2025-11-20,303.75007371618807,305.625202125324,287.921243180084,288.69921875,62025200
2025-11-21,295.6511046778972,303.1316497984607,293.0877639113642,298.8826904296875,74137700
2025-11-24,310.322914576409,318.6512602521973,308.79688470774175,317.7535705566406,85165100
2025-11-25,325.3638477455269,327.97704695686997,316.8260536395487,322.6010437011719,88632100
2025-11-26,319.8481736259059,323.6582721471574,315.9682798124272,319.1200866699219,51373400
2025-11-28,322.5312152935296,326.0021995827445,315.9682963529555,319.3494873046875,26018600
2025-12-01,316.8759202886677,319.02033724928003,313.07580560094704,314.0732116699219,41183000
2025-12-02,315.9184251730286,317.5541859262309,313.095779063488,314.9908447265625,35854700
2025-12-03,315.07061440214585,320.74582687116515,313.2852490348319,318.8009033203125,41838300
2025-12-04,321.39413892489085,321.52377613363177,313.883673135656,316.79608154296875,31240900
2025-12-05,318.6612638744486,322.32175763971526,318.3421170569229,320.4366455078125,28851700
2025-12-08,319.4285975207571,319.81785493964355,310.6157547321785,313.11090087890625,33909400
2025-12-09,311.7635388280278,317.3726229056239,311.2944500995635,316.4643859863281,30194000
2025-12-10,315.2168165746965,320.6861883612462,314.069055340672,319.58831787109375,33428900
2025-12-11,319.45856710455377,320.49655652430846,308.0008744502611,311.82342529296875,42353700
2025-12-12,313.0909556884665,314.25866704717134,304.96674508462553,308.68951416015625,35940200
2025-12-15,310.7155693717638,310.81538131016634,304.288070405232,307.62158203125,29151900
2025-12-16,304.3579426322819,310.16661977978157,302.00250880457793,305.97479248046875,30585000
2025-12-17,307.4120099511304,307.4918412298865,295.54507970361715,296.1439208984375,43930400
2025-12-18,301.1342186567393,303.3698600006946,298.6490626821344,301.8727722167969,33518000
2025-12-19,301.1442091965169,306.65348128006514,300.3856749721532,306.56365966796875,59943200
2025-12-22,309.2783702904479,309.52788491338026,304.70724534166345,309.1785583496094,26429900
2025-12-23,309.02884787804055,314.328535898872,308.7194521900694,313.73968505859375,25478700
2025-12-24,314.15886656933606,314.4682622711062,311.3144241794057,313.4801940917969,10097400
2025-12-26,313.8694546536391,314.4782557314601,311.67371372407564,312.9013366699219,10899000
2025-12-29,310.76548227407176,313.41033130955566,310.0169383701615,312.95123291015625,19621800
2025-12-30,311.8932765746258,316.3346490163796,311.85334570689247,313.24066162109375,17380900
2025-12-31,312.24263128978663,313.9692531312569,310.8353650439947,312.392333984375,16377700
2026-01-02,316.28471875384633,321.87385220157,309.7274673850438,314.5381164550781,32009400
2026-01-05,317.0432662013207,318.4006111389099,314.01915017003046,315.9254455566406,30195600
2026-01-06,315.7856731700802,320.31686685595974,311.17464821348415,313.72967529296875,31212100
2026-01-07,313.74965751082357,325.51677583182123,313.58000462136766,321.3548889160156,35104400
2026-01-08,328.3313118537803,329.67869694461876,320.8758135066914,324.80816650390625,31896100
2026-01-09,326.45496079982934,330.1876899539591,325.16745676828174,327.9320983886719,26214200
2026-01-12,325.1674658209474,333.39148904567276,324.36903115835116,331.2156982421875,33923900
2026-01-13,334.2996793666924,339.82890107364614,332.97224461379506,335.31768798828125,33517600
2026-01-14,334.40947336413166,335.8666302231012,329.83837890700147,335.1879577636719,28525600
2026-01-15,336.9944821877514,337.0344130603199,330.09789356603824,332.1339416503906,28442400
2026-01-16,333.7607557246461,334.00028002450074,327.0637915356931,329.35931396484375,40341600
2026-01-20,320.2470363972373,327.0937337673917,319.80788820634325,321.3748474121094,35361000
2026-01-21,320.2969541162656,331.83450818795274,318.729994927537,327.7424621582031,35386600
2026-01-22,333.8006666576773,334.49928930997066,328.11172120927307,329.89825439453125,26253600
2026-01-23,331.8444795396569,333.0421619901957,326.814286347386,327.2933349609375,27280000
2026-01-26,327.1735452193246,335.1879535299186,326.3651202937951,332.61297607421875,26042100
2026-01-27,334.71886692218493,337.2539439848537,332.8325522369338,333.90045166015625,21636200
2026-01-28,335.40752623810386,336.8846637353836,331.2955302242731,335.3576354980469,27434400
2026-01-29,339.6393000059441,341.62545715973704,325.9060355700189,337.5932922363281,39785600
2026-01-30,339.33989756206086,339.33989756206086,331.64487488391205,337.3437805175781,31024000
2026-02-02,335.5672073695487,344.16047585276425,334.97835654941485,343.022705078125,32006100
2026-02-03,346.66563680855586,348.322417578686,336.81480425638233,339.0504455566406,36506700
2026-02-04,342.2941565134455,342.6434831024425,327.8821884154679,332.3934326171875,70618400
2026-02-05,311.6138496060838,332.0441098613053,305.8650224655501,330.6069030761719,88205800
2026-02-06,326.54477434837446,329.7385737476322,319.2988903139048,322.233154296875,56380500
2026-02-09,320.30690521957837,327.0637807183464,316.6440476026885,323.6903381347656,39640100
2026-02-10,320.3468306795893,321.0454837970353,313.9991629255859,317.9614562988281,39170000
2026-02-11,318.3507205277581,320.43665913490463,309.0587983421378,310.35626220703125,45406400
2026-02-12,311.4840826487114,315.62601945223736,306.60359228041904,308.40008544921875,47761300
2026-02-13,307.1325723003695,308.03081891465297,303.1203573871305,305.12646484375,38499700
2026-02-17,299.4574878846074,303.8489392958333,295.67483755264817,301.4336242675781,39247600
2026-02-18,301.5035060024616,304.7871271852118,300.66514046909924,302.7410888671875,28482100
2026-02-19,301.23402488534225,304.87693233204385,299.4574819671566,302.26202392578125,25834400
2026-02-20,303.72916224594877,315.885507154404,303.30996428502766,314.36846923828125,53210800
2026-02-23,318.43054299285177,318.8996316925602,309.2683735389658,310.8852233886719,31423000
2026-02-24,309.91711960911005,311.6637220131571,305.33603467292323,310.29638671875,25615600
2026-02-25,311.4541454679639,313.031095017384,308.8392369672335,312.2925109863281,29963600
2026-02-26,312.0330001798944,312.53202939170336,301.762970472535,306.783203125,36431200
2026-02-27,303.549553083736,311.7635557563691,303.21018636103327,311.1547546386719,44640600
2026-03-02,302.6412753457796,307.8910420913047,300.71499938521333,305.92486572265625,34790200
2026-03-03,298.01029817831704,303.34991750153205,296.13394323483243,302.9906005859375,35497000
2026-03-04,302.30194909897057,304.87692658824284,300.1660893213747,302.5414733886719,29536200
2026-03-05,302.4516780897468,302.7111526067185,297.41146402777275,300.2958679199219,35752300
2026-03-06,295.515124433063,299.94650641213514,294.6068875835616,297.9403991699219,25576900
2026-03-09,293.99527562141907,306.4198649966507,293.71562375842984,305.98040771484375,29312100
2026-03-10,305.79068968096857,309.1265479913924,305.1914269440574,306.65960693359375,23239700
2026-03-11,306.3699695674413,311.0341973481569,305.54101125974313,308.31756591796875,24125700
2026-03-12,306.43985713507476,308.5572255769297,300.65702241451555,303.17388916015625,24928300
2026-03-13,306.6296377698095,307.3087879643589,300.0677703977713,301.9054870605469,23693100
2026-03-16,303.97293465389924,306.11026747244654,302.64456537566065,305.1814270019531,23519700
2026-03-17,305.48103123176395,311.03417054952814,305.1214918945171,310.5347900390625,21955200
2026-03-18,308.88680583632095,312.08285325242963,306.5497087361953,307.30877685546875,20009800
2026-03-19,303.63335165234247,307.67832164750223,301.9754046785898,306.7494812011719,25075800
2026-03-20,305.0815409313132,305.62088043111504,297.9004465638477,300.6270751953125,44364100
2026-03-23,301.7357168812967,305.60094814101865,300.5571860375472,301.685791015625,29326900
2026-03-24,298.82932646685043,299.5484356615691,289.97029010977093,290.0801696777344,36864300
2026-03-25,293.07644958925243,295.6332754793409,288.8816409209488,290.5695495605469,29460700
2026-03-26,287.55329025783345,287.5932492331535,278.15494535852446,280.57196044921875,39080600
2026-03-27,276.9364822022131,279.02388928595167,273.6106210828978,274.0001220703125,35890600
2026-03-30,276.07755917965534,276.74671205405957,271.772870758184,273.1611633300781,35141200
2026-03-31,277.6955407888773,287.72308014338427,276.74670556560056,287.2037353515625,43875400
2026-04-01,290.47967248402244,300.14767254424095,290.05021252939383,297.0215759277344,37684500
2026-04-02,290.3298713924274,297.71070019384774,289.0914173614996,295.403564453125,21666500
2026-04-06,295.50342601468935,300.2475409865838,294.8142784540748,299.6183166503906,16945500
2026-04-07,302.3549447988444,305.2513457589993,297.3511421656273,305.08154296875,23205400
2026-04-08,320.0530070056894,321.68096199730417,314.6297110626625,316.9268798828125,33547100
2026-04-09,315.51860784412145,319.1441153425082,310.6746106421415,318.09539794921875,23739200
2026-04-10,319.62350892085055,321.4312640320202,315.9281112234418,316.8469543457031,19152600
2026-04-13,316.74710955552524,321.2315371363443,315.0791651091577,320.91192626953125,18866400
2026-04-14,324.38762340838895,332.8770926852431,323.3489033390031,332.49755859375,27721400
2026-04-15,332.4775916674409,337.0619013824557,330.49003638532656,336.70233154296875,24918800
2026-04-16,338.33029678032364,339.458901613874,334.105526677332,335.6036682128906,20541500
2026-04-17,337.2316773591919,341.89590508018404,335.8234205588037,341.2566833496094,25581900
2026-04-20,340.3378420577138,340.97703331198585,336.1929591105031,337.0019836425781,18784200
2026-04-21,337.2716301294484,338.9195798085849,330.9394885663705,331.8783264160156,23123800
2026-04-22,336.60245884112476,339.3990082413208,334.7547751685775,338.8996276855469,20293000
2026-04-23,340.7572947145818,341.53632713037314,335.7634893621326,338.47015380859375,18650300
2026-04-24,338.3103390739037,344.8422143498026,334.97448084779876,343.9732971191406,26426100
2026-04-27,345.55136124882,352.74242256668157,342.3053878156813,349.90594482421875,28576900
2026-04-28,348.11816206941427,351.9833930501032,345.69117996136276,349.3466491699219,27824100
2026-04-29,347.1394107424554,355.3492283904879,343.78355752060145,349.5064697265625,35376300
2026-04-30,373.6065555628184,385.3619622201579,365.3667768501622,384.3232421875,72040000
2026-05-01,381.1572209075714,386.2808704617397,378.5804000830116,385.2121887207031,30105200
2026-05-04,385.15223320621686,386.90006506467324,379.31947226185457,382.7751770019531,26298600
2026-05-05,385.7515048868787,392.33333678038815,383.5442209432822,387.9487609863281,23878600
2026-05-06,393.7615619135972,399.3546301445318,392.2734176347804,397.546875,31308500
2026-05-07,399.42454979908837,399.6043194807176,392.1934987581594,397.4969177246094,24433500
2026-05-08,396.5081562950806,401.5019617899809,395.86893456144384,400.3034362792969,21461800
2026-05-11,393.16228042470647,396.94759333072534,387.9887055115338,388.15850830078125,30753700
2026-05-12,386.8601198229993,388.0386506028281,382.2957742925754,386.8701171875,26017500
2026-05-13,385.1222825184223,403.1998643489371,384.5230197682841,402.1211853027344,28144600
2026-05-14,396.7878070287349,402.43080112559403,395.349588612008,400.5731201171875,21136700
2026-05-15,395.82900006662373,399.0450119758119,392.69287563304505,396.2884216308594,20309700
2026-05-18,395.1997907850553,408.10376741205215,394.04122422601415,396.4482421875,26837200
2026-05-19,396.4681837278221,396.65795076850566,385.63162007935824,387.1797180175781,39545700
2026-05-20,387.2196997137571,393.37204141137994,382.42562803382646,388.4281921386719,31744400
2026-05-21,385.22215486500835,392.01371791338363,382.5454520468608,387.1797180175781,24852800
2026-05-22,386.87012298265273,388.258385079403,381.29701890681014,382.49554443359375,20442100
2026-05-26,384.0336125447445,388.7777274266938,382.12597532411496,388.398193359375,27747400
2026-05-27,386.1909390913781,393.39199754996946,385.421873594791,388.3482360839844,23087300
2026-05-28,387.5193014898567,391.38450201712897,384.68282366229704,389.64666748046875,24357500
2026-05-29,384.7626974671623,384.7626974671623,377.9910987617443,379.8687744140625,44415800
2026-06-01,376.05352511273605,378.09100632744554,373.05724175924524,375.9037170410156,28672100
2026-06-02,366.13582064636165,373.07722234401785,357.99592394061045,361.4017028808594,50412300
2026-06-03,361.5814692403301,365.9960065843375,357.6363508187865,358.54522705078125,55441600
2026-06-04,358.4553682250688,372.7875967270043,357.76622059782807,371.7289123535156,44055500
2026-06-05,365.88613605551615,371.6190149899659,363.6688852043904,368.07342529296875,37471200
2026-06-08,364.9454235864071,365.9647879200631,360.2984165590168,363.0766296386719,27942500
2026-06-09,366.85420025674074,371.84098522768176,357.0704802123837,364.0260314941406,29535100
2026-06-10,362.95671584537644,368.3232616719084,354.97185779418805,356.1510925292969,32357100
2026-06-11,355.70134679025995,358.5694982511428,346.13748714351743,357.5401611328125,35538200
2026-06-12,362.3870579560934,366.33453278338226,354.7119986974298,359.4489440917969,24704600
2026-06-15,367.69366113705985,372.7504085202595,366.3145426692825,369.1127624511719,27727500
2026-06-16,369.3626044753487,375.7584875251172,366.8242274297617,373.01025390625,24876100
2026-06-17,368.8929017493238,372.0908279957741,361.78745285393074,363.55633544921875,24543600
2026-06-18,365.51504497617543,369.2426598317581,358.4396065335441,367.7935791015625,44470100
2026-06-22,357.72009076397745,358.68946892539066,341.50050477393233,349.45538330078125,52814800
2026-06-23,340.47114598010614,349.0656275102868,339.98147051143604,345.90765380859375,34007700
2026-06-24,348.8157979233392,353.25294826847323,341.7103492701006,345.0682067871094,44997300
2026-06-25,336.51370015420923,345.34801779729577,335.6242572392167,343.48919677734375,44491400
2026-06-26,342.32993723999033,346.1374872957393,329.98789515004995,337.17327880859375,114706300
2026-06-29,341.6104064955248,354.122383587675,340.4511784786947,353.4228210449219,34213900
2026-06-30,353.64269008629407,358.3896389689017,350.1749177879227,357.14044189453125,35237200
2026-07-01,358.1397942573561,362.7368455226467,356.20103798676814,360.97796630859375,26736400
2026-07-02,359.2490860357571,363.97602803095486,353.19298133516355,359.6788024902344,25974800
2026-07-06,361.31772936423556,367.693635754559,357.15042523629825,366.2245788574219,26915800
2026-07-07,368.8329180211536,372.9202869594668,365.26520405735874,366.7942199707031,24045600
2026-07-08,364.525702555654,367.6037106679975,357.79001132287857,361.6875305175781,22094800
2026-07-09,354.08240970637695,359.41897594546776,350.8544734886641,358.65948486328125,24729100
2026-07-10,357.30034280387986,357.5901650645865,352.52341441108456,356.9505615234375,18146100
2026-07-13,355.96119810970276,357.8999543595846,351.52404777471276,352.2835693359375,15901700
2026-07-14,350.97442351070157,359.92865963343,350.86447830880365,359.2790832519531,18259400
2026-07-15,357.74006858863044,373.40998963278184,357.5302120160503,370.6817626953125,28284600
2026-07-16,372.8203579699616,375.02892981037553,352.07368364698067,354.2322998046875,41158500
2026-07-17,345.77774679993126,348.2961170979314,341.1407126662452,346.5472412109375,29959300
2026-07-20,350.6546131580819,359.4489481797366,350.2948285491913,351.7638854980469,24736600
2026-07-21,351.09433677099497,351.09433677099497,346.77710440528256,346.927001953125,23369800
2026-07-22,347.93634723653764,349.7152025525983,341.51048515922605,341.8702392578125,39334100
2026-07-23,320.92372412122546,324.2815511558238,314.69771503877246,317.4859313964844,69419700
2026-07-24,318.2154780071113,323.97175736278774,317.11617848672984,319.53460693359375,31806600
2026-07-27,324.83120713377,330.2077559724587,324.2415898017393,326.3502197265625,28471600
2026-07-28,327.68937042492354,335.66425552638333,324.2316014627561,333.4956359863281,29511900
2026-07-29,334.455045685483,342.2800028423013,331.40698648547414,336.49371337890625,27501600
2026-07-30,333.98534038388266,336.29385412629074,330.12780397797883,333.4456787109375,30168000
2026-07-31,340.611054758666,358.3496530632621,339.78160132747564,355.9012451171875,46498000
2026-08-03,365.2152604560987,376.4480305309448,363.1166033198653,373.27008056640625,38669700
2026-08-04,367.9834743668337,380.2755612380555,367.263935640354,377.40740966796875,35705700
2026-08-05,383.0937455186354,384.2330278418686,356.54080629618977,362.1971740722656,46926300
2026-08-06,360.5382517887205,363.8961093831237,356.65076635274994,357.52020263671875,25235900
2026-08-07,356.49084652154687,358.6694387836589,353.5527327193329,354.0723876953125,19859900
2026-08-10,354.951850943437,357.38028276908574,352.4834362714388,357.29034423828125,18991400
2026-08-11,355.6613923515014,356.5807842683805,343.1694223006263,343.5791320800781,29081800
2026-08-12,346.0875456512855,346.25744987105145,340.66104092628797,343.3193359375,25012000
2026-08-13,345.5478948342235,347.7065110877775,343.5392066313974,346.13751220703125,17866100
2026-08-14,346.5772111705174,350.22489088982945,344.27870083870846,345.67779541015625,17808600
2026-08-17,346.04755304110785,347.0269344906474,341.7103446182459,343.7790222167969,18291300
2026-08-18,342.19005363605754,344.6484648943574,339.97147845233087,343.9789123535156,19248800
2026-08-19,342.2400076559886,346.5072842825429,340.44117610948047,344.4985656738281,19733800
2026-08-20,342.83962071417653,343.6790774504127,338.3525147854226,340.451171875,18570400
2026-08-21,342.359928876986,345.97762917305914,340.1813365286692,344.5985107421875,20849800
2026-08-24,343.39927531721605,351.3741604480826,342.2699962782288,347.83642578125,26338200
2026-08-25,349.41542326154587,349.9350782600912,345.37800981753963,346.73712158203125,20649700
2026-08-26,346.3973312516375,346.65717399060424,339.96146577825954,341.7803039550781,20420300
2026-08-27,339.45183186724313,341.4705233735174,338.3025461528343,340.4311828613281,23391400
2026-08-28,340.49114263603377,348.91575095848634,340.0514228221321,346.36737060546875,25347200
2026-08-31,343.60912172254496,344.3686432833908,336.94342338566804,339.13201904296875,33493600
2026-09-01,335.7841605001305,336.9834018439635,332.8360433203593,334.8047790527344,23342700
2026-09-02,333.84541044728496,339.78159726283246,332.6062167342666,336.9034423828125,22582300
2026-09-03,340.34122971001256,344.4585782378343,339.841550898423,342.260009765625,20726900
2026-09-04,342.4700012207031,343.5299987792969,337.0899963378906,338.4599914550781,23189300
2026-09-08,335.4200134277344,339.67999267578125,333.2200012207031,338.3599853515625,22915800
2026-09-09,331.6499938964844,331.8500061035156,327.8999938964844,330.6499938964844,33151600
2026-09-10,328.2300109863281,333.2300109863281,327.739990234375,332.6000061035156,23557600
2026-09-11,335.0299987792969,342.9800109863281,335.0299987792969,338.5,24708300
2026-09-14,343.1199951171875,349.9100036621094,342.1400146484375,349.3900146484375,35905400
2026-09-15,346.79998779296875,348.07000732421875,342.70001220703125,344.9800109863281,21928600
2026-09-16,347.0799865722656,348.3999938964844,340.6400146484375,342.8699951171875,18928900
2026-09-17,348.67999267578125,349.5,343.8900146484375,347.3299865722656,19238400
2026-09-18,357.30999755859375,359.44000244140625,348.45001220703125,349.5400085449219,47631800
2026-09-21,350.6400146484375,357.6099853515625,349.1000061035156,354.9700012207031,30455400
2026-09-22,357.6499938964844,364.1700134277344,350.2200012207031,351.1600036621094,29788600
2026-09-23,349.8599853515625,350.0,337.45001220703125,337.8299865722656,35576200
2026-09-24,336.2200012207031,343.0899963378906,336.0199890136719,342.3599853515625,23777200
2026-09-25,342.3500061035156,347.0299987792969,341.1099853515625,343.9200134277344,21880800
2026-09-28,340.70001220703125,343.5899963378906,339.55999755859375,342.75,19318300
2026-09-29,341.95001220703125,342.8399963378906,338.0199890136719,340.9200134277344,21066900
2026-09-30,344.1499938964844,352.6000061035156,340.989990234375,344.0799865722656,37373700
2026-10-01,350.7900085449219,353.2200012207031,335.510009765625,338.239990234375,33269300
2026-10-02,341.32000732421875,345.7699890136719,341.1600036621094,343.5,23738200
