Date,Open,High,Low,Close,Volume
2021-10-06,274.2708756099428,281.8047410195279,274.0117597743309,281.3056640625,28002600
2021-10-07,283.29225249177205,284.69347521548,282.08301620161416,282.9755554199219,20430500
2021-10-08,284.29037692639525,284.69347521548,281.9294563433223,282.9755554199219,17685700
2021-10-11,281.1233138675637,285.9699246769011,280.960147351055,282.38055419921875,19298600
2021-10-12,283.4458821015579,283.5418606976777,280.57630659547624,281.0849609375,17974100
2021-10-13,283.0331577701654,285.307706593833,281.67033223174053,284.37677001953125,23416300
2021-10-14,287.16002147005213,291.0565122938527,285.8355929980948,290.5574645996094,27262900
2021-10-15,290.16390256494424,292.1889420783388,288.4171921254101,291.9585876464844,25384800
2021-10-18,291.3444250695116,295.7975445356027,290.49986035476513,294.91461181640625,22729300
2021-10-19,295.9319350570906,296.84365846900545,294.8474384623916,295.8167724609375,17682100
2021-10-20,296.7572212605968,297.22750747620495,293.7820612638545,295.02972412109375,16537100
2021-10-21,294.79942529790196,298.49435169218145,294.0220192983192,298.2448425292969,16918100
2021-10-22,297.89940328620986,298.56161758905387,295.4041059859267,296.7093505859375,17449300
2021-10-25,296.90120994069343,296.9396072317386,294.1180067552253,295.72076416015625,17554500
2021-10-26,298.4751735047065,299.81878579139044,296.1718339720267,297.6210021972656,28107300
2021-10-27,303.27383257307736,312.9670843453073,303.27383257307736,310.15509033203125,52588700
2021-10-28,311.2683538472866,311.78661480927093,308.41796248920383,311.2875671386719,26297900
2021-10-29,311.0764222231841,318.62947157711153,310.8556743947785,318.2647705078125,34766000
2021-11-01,318.01525586042806,318.14002510806927,313.2262255270214,316.10540771484375,27073200
2021-11-02,317.0075509960312,320.02110905104064,316.71003784901507,319.7139892578125,26487100
2021-11-03,320.4529715980219,321.41269899381626,317.3338575616903,320.5489501953125,21500100
2021-11-04,319.4836051186062,322.98660357874707,316.23972246138726,322.890625,23992200
2021-11-05,324.8771912184521,325.14591360283754,320.95191136256943,322.5258483886719,22570100
2021-11-08,323.7160006633111,324.0519110698877,320.97119469393846,323.4184875488281,20897000
2021-11-09,323.53369871472705,325.07887510156485,321.0576148411244,322.4204406738281,21307400
2021-11-10,321.0959739152807,321.1535552109362,316.63324777065986,317.477783203125,25500900
2021-11-11,317.90964316198944,320.328145224204,317.1994543880921,319.0421142578125,16849800
2021-11-12,320.47216845555636,323.6488636296379,320.34739921433277,323.1593933105469,23831000
2021-11-15,323.94638389817203,324.2726876885674,320.57773146516666,322.53558349609375,16723000
2021-11-16,322.161233873272,326.95029273164477,321.9980966435647,325.8370056152344,20886800
2021-11-17,325.8850760747881,329.0098960712893,324.9812796361216,326.0581359863281,19053400
2021-11-18,325.1543261152059,329.2598774584323,324.1351564442823,328.12530517578125,22463500
2021-11-19,329.4425098745019,331.8077495563362,329.0194550576367,329.8943786621094,21963400
2021-11-22,331.3462958819071,336.2018030638584,326.4715696014347,326.74078369140625,31031100
2021-11-23,324.06784497801704,326.3754277340728,320.7122785777508,324.673583984375,30427600
2021-11-24,323.3275227878649,325.13511563845185,321.04881262656716,324.8947448730469,21661300
2021-11-26,321.4718896050423,324.9139862915625,315.4818391564863,316.98175048828125,24217200
2021-11-29,322.03918406869917,325.9716468199308,321.84687569261206,323.6640930175781,28563500
2021-11-30,322.4045150069706,324.7697551795586,316.31831064916247,317.856689453125,42885600
2021-12-01,322.22190230238374,326.21205212002263,316.70299756222425,317.36639404296875,33337600
2021-12-02,317.57796304401984,320.64509751234516,315.1742544852787,316.7991638183594,30766000
2021-12-03,319.20263851887444,319.8853123757526,305.78034797627095,310.56854248046875,41779300
2021-12-06,311.4724773249387,314.8376683407075,306.93427569570224,313.6261901855469,30032600
2021-12-07,318.86626463105284,322.8660084465521,317.38557246325246,322.0199279785156,31021900
2021-12-08,322.394924443513,322.5776085960502,318.05862588929494,322.0680236816406,24761000
2021-12-09,321.52962129274965,323.52949356795324,319.3278164061056,320.27008056640625,22214200
2021-12-10,322.0776255201496,329.7887095654795,321.894941380308,329.346435546875,38095700
2021-12-13,327.55805926915104,330.54828700278097,326.0196804228618,326.3273620605469,28899400
2021-12-14,320.3854016251195,321.75072054562577,311.6262752750999,315.693359375,44438700
2021-12-15,315.95294877643335,322.279524033455,312.0012673025278,321.76031494140625,35381100
2021-12-16,322.7794945853097,323.78906948093504,310.5782712717892,312.3858642578125,35034800
2021-12-17,308.5207023277349,312.405102273891,305.03051397428044,311.3282165527344,47750300
2021-12-20,307.72266611167277,310.36674473714834,305.3382067120296,307.58807373046875,28326500
2021-12-21,310.8378750297764,315.10686227817746,307.48227910762097,314.6838073730469,24740600
2021-12-22,315.65485969090975,320.7603321144237,313.203089758129,320.36614990234375,24831500
2021-12-23,319.93345726891704,323.43326935301656,319.91423817274443,321.7987365722656,19617800
2021-12-27,322.5390413218641,329.28866997310473,322.5101980089156,329.25982666015625,19947000
2021-12-28,329.93301371290136,330.56759626040093,327.21202867673,328.106201171875,15661500
2021-12-29,328.1541263644873,331.0385752783578,326.59652864573826,328.77911376953125,15042000
2021-12-30,328.7407570125639,329.9137678064995,325.7697771511847,326.2505187988281,15994500
2021-12-31,325.47161689597885,326.28885396518314,322.91406861710993,323.365966796875,18000800
2022-01-03,322.43340214531065,324.9813267976335,317.07793359354395,321.85650634765625,28865100
2022-01-04,321.93330199624364,322.2890753116592,313.5587942701049,316.3374938964844,32674300
2022-01-05,313.308871857317,313.5108044365724,303.8094433864934,304.19403076171875,40054300
2022-01-06,301.0883900628225,306.42463822029214,299.4923247910214,301.790283203125,39646100
2022-01-07,302.0499324142328,304.3094237353557,298.14631308588326,301.9441833496094,32720000
2022-01-10,297.56936510647546,302.59793177360086,292.9542584305184,302.1652526855469,44289500
2022-01-11,301.3095522143525,304.41512357671206,297.95398587837894,302.8479309082031,29386800
2022-01-12,307.3572996957186,310.95323691547827,304.8670327735876,306.0111999511719,34372200
2022-01-13,308.1265127840826,308.52072440499325,292.2908837943043,293.06005859375,45366000
2022-01-14,292.5312389014695,298.8481900342401,292.05049734205875,298.2520751953125,39846400
2022-01-18,292.358208481325,297.86748852909545,290.1179361568295,290.9928894042969,42333200
2022-01-19,294.49264788128625,301.8191439350218,291.04092729643247,291.6466369628906,45933900
2022-01-20,297.1655554938759,299.64616870365205,289.5410024064944,289.9832763671875,35380700
2022-01-21,291.03131903917586,292.39660859622313,284.22400232617673,284.6278381347656,57984400
2022-01-24,280.94531414889065,285.66616935055157,265.4173418936867,284.9546813964844,85731500
2022-01-25,280.29152732225515,283.627874669316,274.18613344698997,277.37823486328125,72848600
2022-01-26,296.1272067657119,296.6175725961171,281.74342604783857,285.28167724609375,90428900
2022-01-27,291.00252753568583,295.4637946124978,286.45470114422875,288.2911376953125,53481300
2022-01-28,288.666071926605,296.5983072336974,283.1087009699881,296.38677978515625,49743700
2022-01-31,297.05020471160907,300.34808458292423,294.56956197195456,299.00201416015625,46444500
2022-02-01,298.4539337157057,298.6654611438378,293.37730478266843,296.86749267578125,40950400
2022-02-02,297.703977220742,302.9825093458668,296.9828649919706,301.3864440917969,36636000
2022-02-03,297.5693697082304,299.2423701113963,288.40643772478234,289.6467590332031,43730000
2022-02-04,288.64687935833757,296.906016986016,288.4161327669498,294.15618896484375,35096500
2022-02-07,294.37728012769503,295.9829403994106,288.3487625883948,289.35833740234375,28533300
2022-02-08,289.6467780186861,293.7907677485287,288.3968617508122,292.82928466796875,32421200
2022-02-09,297.93473032420275,299.91538294226615,295.55027128070327,299.2231140136719,31284700
2022-02-10,292.3293725846551,297.2136945346378,289.11802208324127,290.7333068847656,45386200
2022-02-11,291.51204526354115,292.5696824760353,282.8875412205064,283.67596435546875,39175600
2022-02-14,282.45490783075724,285.3297625384846,280.12813492881736,283.6375427246094,36359500
2022-02-15,288.45457654151164,289.21412712294915,285.57972189739905,288.8968505859375,27058300
2022-02-16,287.4709649658661,289.8796435333353,282.95228162106866,288.5596923828125,29982100
2022-02-17,285.5343344781432,285.95826419364323,279.40667124960413,280.1100158691406,32461600
2022-02-18,282.34519885606585,283.1256081080043,275.8514129414356,277.4122314453125,34264000
2022-02-22,274.58928762159644,280.8903974019096,274.1075520292779,277.2099304199219,41736100
2022-02-23,279.57998270583295,281.04447731257943,269.86820883209873,270.031982421875,37811200
2022-02-24,262.5555199373533,284.37813456051526,261.60166355056816,283.8289489746094,56989700
2022-02-25,284.3589903584796,286.7580249654703,280.99645485634625,286.44970703125,32546700
2022-02-28,283.5591579767434,288.2127395416602,282.29701327303695,287.8755187988281,34627500
2022-03-01,285.5728578838848,289.01245712557574,281.47810528267394,284.17584228515625,31217800
2022-03-02,284.57084383733564,290.4576682481348,282.9715074955346,289.22442626953125,31873000
2022-03-03,291.8257768521812,292.05700050828193,283.3086664169441,285.1103820800781,27314500
2022-03-04,283.539896997228,284.8598476008339,276.6799879839054,279.2716979980469,32356500
2022-03-07,277.9903600081898,279.1079901922431,268.35564745891236,268.7217712402344,43157200
2022-03-08,267.6523109324147,273.5872975701551,260.13724667838545,265.7735595703125,48159500
2022-03-09,273.0862941142346,279.0212805569592,270.52345705468474,277.9614562988281,35204500
2022-03-10,272.6815567548242,276.1307994626257,270.3306851201847,275.1576843261719,30628000
2022-03-11,277.44118984064033,278.9345880109205,269.2227807529442,269.83941650390625,27209300
2022-03-14,270.0995117672135,274.9746736705197,265.74463254293596,266.34197998046875,30660700
2022-03-15,270.10914399569396,277.3062746946172,268.5483254301358,276.6607360839844,34245100
2022-03-16,278.54913550581284,283.80970925762125,272.8550467725236,283.63629150390625,37826300
2022-03-17,282.5765120453136,284.81174316450165,278.799691528735,284.4360046386719,30816600
2022-03-18,284.580435823197,290.0047824722256,282.0368875720342,289.4555969238281,43390600
2022-03-21,287.9719290179041,289.17626805109586,284.1276588300462,288.2320556640625,28351200
2022-03-22,288.8486670583763,293.85872928601555,287.85629285362114,292.95306396484375,27599700
2022-03-23,289.53274726035676,292.1533901687108,286.84465430957243,288.54998779296875,25715400
2022-03-24,288.21276856606795,293.08793014220737,287.42271518108265,292.9915771484375,24484500
2022-03-25,294.0803119983577,294.3404386258809,288.35729097039587,292.5869140625,22566500
2022-03-28,293.2131884282858,299.4468485037341,293.2131884282858,299.35052490234375,29578200
2022-03-29,302.4432514351578,304.2834849768808,297.7607660592807,303.8884582519531,30393400
2022-03-30,302.2987264531988,304.40873068688376,300.1983369373926,302.3950500488281,28163600
2022-03-31,302.4335907750661,303.6283150055242,296.643149106342,297.04779052734375,33422100
2022-04-01,298.0690878498517,298.8013353889546,294.3790059993479,298.1172790527344,27110500
2022-04-04,298.7628242488305,303.5994397899151,298.3967004352338,303.4645690917969,24289600
2022-04-05,301.82654511251576,303.3681045702332,298.5507496416169,299.52386474609375,23156700
2022-04-06,294.04184715459763,295.78572808522017,285.87159886872877,288.5596923828125,40110400
2022-04-07,285.8233566950077,292.5580106672026,285.5246829888432,290.3612976074219,31411200
2022-04-08,289.4652859924413,290.1204393434208,285.4572423231668,286.1220397949219,24361900
2022-04-11,281.1312167731274,281.9212406623146,274.58924032351246,274.8397521972656,34569300
2022-04-12,278.6744307786593,280.119637735793,270.24405686204636,271.7567138671875,30966700
2022-04-13,272.40228746673256,278.0385717991764,271.0245009783346,277.1136474609375,21907200
2022-04-14,277.56640502923614,277.7783698621316,269.1167734779353,269.6081237792969,28221600
2022-04-18,268.7217442498862,272.14205510022083,268.17255863306326,270.2729187011719,20778000
2022-04-19,269.17459327763214,275.71657107306396,268.2400250211419,274.8783264160156,22297700
2022-04-20,278.82849614918496,279.1175550852986,274.94570927007976,275.8995361328125,22906700
2022-04-21,278.03846671115735,282.5860513093376,269.82970383090816,270.55230712890625,29454600
2022-04-22,271.39059991716476,272.8550951713469,263.393799558569,264.0200500488281,29405800
2022-04-25,263.30702351755633,270.8413451266627,260.8790575428307,270.4656066894531,35678900
2022-04-26,267.3632511079873,268.19182220528097,260.13721729425794,260.34918212890625,46518400
2022-04-27,271.7952151207864,280.34119944845656,268.96260761022705,272.8742980957031,63477700
2022-04-28,274.77235637930573,280.35086291082894,271.1785981856094,279.0501708984375,33646600
2022-04-29,278.0673990236614,279.2910262219157,266.3997773201998,267.38250732421875,37073900
2022-05-02,267.56559909941353,274.53150699101036,266.1300363109666,274.07867431640625,35151100
2022-05-03,273.58726807497914,273.7510711128351,269.9164452309345,271.4869079589844,25978600
2022-05-04,272.26732383050563,280.25450833918546,266.62139669213593,279.38739013671875,33599300
2022-05-05,275.10958168100854,275.88999102064156,264.318692205309,267.21875,43260400
2022-05-06,264.77152276793004,269.04933732325316,261.36082642726797,264.6944580078125,37780300
2022-05-09,260.1950242973113,262.41099624830406,253.70123795853172,254.91519165039062,47726000
2022-05-10,261.7654605643178,263.75020864058513,255.38728670730274,259.65545654296875,39336400
2022-05-11,255.97495939683023,261.4474674314555,249.82800992434036,251.0323486328125,48975900
2022-05-12,248.27688839647124,250.3868926130945,240.88706627938942,246.02236938476562,51033800
2022-05-13,247.94929795851922,253.4314509690828,246.02235572360212,251.58157348632812,34925100
2022-05-16,250.46398464979046,256.1099416160169,246.43668177320907,251.94773864746094,32550900
2022-05-17,256.3893090476885,258.5282163055622,252.87264501904795,257.0733947753906,28828800
2022-05-18,253.98310507106706,254.56254010236933,244.10384241044304,245.36892700195312,31356000
2022-05-19,245.19508938818183,248.83585464293373,243.24435524609143,244.46115112304688,32692300
2022-05-20,248.4205560699694,249.67600344933274,237.9908442252686,243.90101623535156,39199300
2022-05-23,246.73060439189265,252.5345479716084,244.7412185194128,251.71368408203125,33175400
2022-05-24,249.0483255820953,252.37035900338427,244.80882139282033,250.718994140625,29043900
2022-05-25,249.28970863330227,255.50888672812104,248.31432695707377,253.51951599121094,28547900
2022-05-26,253.2781100641193,257.9521680064266,252.46691284814418,256.7836608886719,25002100
2022-05-27,259.27522501006564,263.96858669067194,258.38675406725025,263.87200927734375,26910800
2022-05-31,263.18632567522593,265.34951799157335,259.70974554446406,262.5489501953125,37827700
2022-06-01,265.76488780764225,268.16950970418117,260.78179284572826,263.0802001953125,25292200
2022-06-02,255.38340607068776,265.2336837998182,252.63111175251524,265.16607666015625,44008200
2022-06-03,261.0424863281772,264.074846353105,259.20763325124227,260.7624206542969,28059000
2022-06-06,262.7323718542346,264.77968255943335,258.0583156569579,259.5358581542969,22400300
2022-06-07,257.49833236224606,263.76581500022235,256.82231988834405,263.15740966796875,22860700
2022-06-08,262.39442533216015,263.64020598603173,260.3664178533954,261.1390075683594,17372300
2022-06-09,258.5992562098676,263.36022583003654,255.55725874026618,255.71177673339844,26439700
2022-06-10,251.6460439882833,251.6460439882833,243.87204872141055,244.3162841796875,31422800
2022-06-13,236.70647229198008,240.48242256411086,233.24920982974828,233.9541778564453,46135800
2022-06-14,235.49930650770008,237.3148557778769,233.2298699199791,236.1077117919922,28651500
2022-06-15,239.79673406143797,246.54708847653447,237.97153296010552,243.12844848632812,33111700
2022-06-16,237.5466102902709,238.93724247462407,234.68810167633953,236.5712432861328,33169200
2022-06-17,236.31049083013178,241.9116415660145,235.6634634572943,239.1593475341797,43084800
2022-06-21,241.67990380993942,246.01597077834313,240.9556173405233,245.0406036376953,29928300
2022-06-22,243.254000161548,248.35298995386094,241.7861089374633,244.4514923095703,25939900
2022-06-23,246.8078492299289,250.47755532769025,244.93435931975776,249.9850311279297,25861400
2022-06-24,252.8338064034528,258.7922800868169,252.74689560217155,258.5218811035156,33923200
2022-06-27,259.01447122802466,259.1013820613785,254.25350226058262,255.80831909179688,24615100
2022-06-28,254.92949381458487,257.7590321077553,247.53211228973697,247.68663024902344,27295500
2022-06-29,248.75859390135693,252.98843151702386,246.99133318160082,251.33706665039062,20069800
2022-06-30,248.23710148525814,250.6320859946273,244.2293889586405,248.02464294433594,31730900
2022-07-01,247.59973919232516,250.86383187727745,245.88075254538774,250.6803436279297,22837700
2022-07-05,247.37761951989364,253.9638045325972,246.00630564678934,253.8382568359375,22941000
2022-07-06,254.70738716056056,258.8020102285566,253.4036657301254,257.0830383300781,23824400
2022-07-07,256.0304528288306,259.8353737242691,255.93387539808108,259.197998046875,20859900
2022-07-08,255.7117696472832,258.90828502143717,254.26319665701553,258.4833679199219,19658800
2022-07-11,256.5422912269058,257.3921254979939,253.1912575955396,255.44139099121094,19455200
2022-07-12,256.764381930095,256.8223224888686,243.39887133033,244.97299194335938,35868500
2022-07-13,241.6122686543637,244.8570720526818,239.60357943296265,244.05552673339844,29497400
2022-07-14,241.9792718550764,246.39258278636146,237.50800563214514,245.36892700195312,25102800
2022-07-15,246.9526808402148,251.44325042079436,246.03525438925857,247.91839599609375,29774100
2022-07-18,250.8444832920911,251.89710915606972,244.61562419019552,245.53305053710938,20975000
2022-07-19,248.748908389752,250.81555306514318,244.98262500187312,250.63206481933594,25012600
2022-07-20,250.98939669680948,255.78900284248536,250.0333479953983,253.27813720703125,22788300
2022-07-21,250.88321967054287,255.8083742550317,248.21783565442738,255.76007080078125,22404700
2022-07-22,256.1463197014491,256.23323054289847,250.1878727355114,251.43362426757812,21881300
2022-07-25,252.05170043274995,252.53455809641423,248.00535085353994,249.95608520507812,21056000
2022-07-26,250.9507414709721,250.97007463688564,241.01355313399756,243.26365661621094,39348000
2022-07-27,252.2062272013175,260.79142143505817,249.97542707523482,259.5263366699219,45994000
2022-07-28,260.50171243898495,268.3143459872542,258.68616288804407,266.9333801269531,33459300
2022-07-29,268.1790850711419,272.33164805798015,267.14576287951564,271.1148376464844,32152800
2022-08-01,268.29499686655436,271.63636311853617,266.38287021128184,268.4784851074219,21539600
2022-08-02,266.5373332288023,268.3625486786498,263.0414497330181,265.3977966308594,22754200
2022-08-03,267.2712979571327,273.7802077511645,267.1264171273275,272.7855224609375,23518900
2022-08-04,272.13853085373546,274.0699612486414,270.56443983776984,273.92510986328125,18098700
2022-08-05,269.5794114121241,273.9251301220604,269.1255240569013,273.21051025390625,16774600
2022-08-08,274.31141927705306,276.11733164460054,269.74360476800535,270.7093200683594,18739200
2022-08-09,270.05259210657965,273.37462502798235,268.0921621074516,272.6213684082031,23405200
2022-08-10,278.29016718582943,279.8739248174104,277.1023268586765,279.2462158203125,24687800
2022-08-11,280.87827114074025,281.2259144656879,276.687070719345,277.1795654296875,20065900
2022-08-12,278.5895808890098,281.9019775390625,277.1023709654231,281.9019775390625,22619700
2022-08-15,281.02312948938925,284.09409682100915,280.1636287959346,283.408447265625,18085700
2022-08-16,281.97912247538005,283.95885597173196,280.4629722748616,282.6744384765625,18102900
2022-08-17,280.4002359720042,283.8938831580585,280.1389500408416,281.9293212890625,18253400
2022-08-18,280.8356898800539,282.50024663716766,279.76145551717,280.81634521484375,17186200
2022-08-19,279.5873490654093,279.9260727784797,276.3550169722019,276.9259948730469,20570000
2022-08-22,272.98716276174565,273.3549182202422,268.28383861490187,268.7967529296875,25061100
2022-08-23,267.52899169921875,269.8709667468448,266.5225077065828,267.52899169921875,17527400
2022-08-24,266.53223836596896,268.29357825746257,266.24189106268454,266.8999938964844,18137000
2022-08-25,268.39027578883355,270.0258011315452,265.67085828538086,269.8612976074219,16583400
2022-08-26,270.08381644498274,271.3032096749944,259.34164963640063,259.4480895996094,27549300
2022-08-29,257.2803379595906,258.7803619357156,255.34480790841272,256.6803283691406,20338500
2022-08-30,258.07390638773194,258.44163228050394,252.25762926790654,254.4931640625,22767100
2022-08-31,256.835186498961,258.4997140694314,252.90603313757336,253.04153442382812,24791800
2022-09-01,250.5252871170985,252.48019105573172,247.17682893710062,252.00596618652344,23263400
2022-09-02,253.26411708214042,256.20610147316614,246.26716536821394,247.805908203125,22855400
2022-09-06,247.9414362596074,249.51886860124202,243.81874738590238,245.08651733398438,21328200
2022-09-07,246.48975437812405,250.48661397846638,245.0574662441124,249.77047729492188,24126700
2022-09-08,249.20917715444372,252.03503444444726,246.57684037919475,250.1865997314453,20319900
2022-09-09,252.10285370983144,256.68039408500294,251.89963127190487,255.93519592285156,22084700
2022-09-12,257.2125840758803,258.82876464312335,256.6125744929972,258.0545349121094,18747700
2022-09-13,250.49629269213037,252.00600375133774,243.47999634028216,243.8671112060547,33353300
2022-09-14,245.35744562009026,246.03487812902216,241.8057500396919,244.0896759033203,23913000
2022-09-15,241.71864109172554,243.2960878234106,236.15399296543862,237.47015380859375,31530900
2022-09-16,236.38627698047728,237.3927608644155,234.25719690326952,236.85081481933594,39791800
2022-09-19,234.65400280433187,237.23793382536144,233.0862280822725,236.63792419433594,26826900
2022-09-20,234.26691809618367,235.66048751479372,231.91524109136333,234.63465881347656,26660300
2022-09-21,236.3959688481416,239.6766917207571,231.19906057717108,231.24745178222656,28625600
2022-09-22,230.2022859976419,235.99920442354707,229.91196827312697,233.2120361328125,31061200
2022-09-23,231.8184307644762,233.35718839815166,227.61833404254136,230.2506561279297,34176000
2022-09-26,229.40867630752822,233.6668360314633,229.26350270996545,229.7957763671875,27694200
2022-09-27,232.24421970145121,234.0055589313427,226.94087211261905,228.789306640625,27018700
2022-09-28,229.1764146595356,234.5184812999227,227.16346179841986,233.29910278320312,29029700
2022-09-29,231.18941598968382,232.21524468551831,226.85383225435683,229.84422302246094,27484200
2022-09-30,230.60869305076636,232.7861640901867,225.22792253383935,225.39244079589844,35694800
2022-10-03,227.82157728205974,233.82171772604818,227.09575348399042,232.97976684570312,28880400
2022-10-04,237.18953820241006,242.28966427196394,237.08308345370094,240.8573760986328,34888400
2022-10-05,238.06055067024138,242.50258909201375,236.23147515733956,241.1670684814453,20347100
2022-10-06,239.93798363059574,242.2703009633561,238.1476271342794,238.83473205566406,20239900
2022-10-07,233.1346048289845,233.5410791626443,225.65378480022213,226.68930053710938,37769600
2022-10-10,225.53761706316808,226.99893677306147,219.42133569410282,221.860107421875,29743600
2022-10-11,220.28268877269275,221.67627288848584,216.88583856563983,218.14393615722656,30474000
2022-10-12,218.1342072790965,220.51491548211942,216.7406381971181,218.47293090820312,21903900
2022-10-13,212.76316144954848,228.4893441994696,212.06636940173655,226.68930053710938,42551800
2022-10-14,227.94737889006004,229.5925913283704,220.9794733149992,221.1923828125,30198600
2022-10-17,228.21834487388986,231.2571263231049,227.5602570081076,229.8732147216797,28142300
2022-10-18,235.39916206358598,236.06690750411659,227.7828415320167,230.81195068359375,26329600
2022-10-19,229.39901697875123,231.88618020226818,226.7376631373762,228.85707092285156,19985700
2022-10-20,228.16997903446602,233.53139112693572,227.29898159472276,228.5377197265625,21811000
2022-10-21,227.17319562442967,235.16693041205536,226.94092667336207,234.31529235839844,26299700
2022-10-24,235.90240190553322,239.85088505869388,233.52170816579923,239.2799072265625,24911200
2022-10-25,239.2896067054904,242.9477578069221,237.90570962314226,242.58001708984375,34775500
2022-10-26,223.71821446357913,230.6183830586996,222.6439948132426,223.86338806152344,82543200
2022-10-27,223.5924250678105,226.15701124638468,218.50198634809382,219.4407196044922,40424600
2022-10-28,218.9471714496145,228.97321801422746,218.763293726381,228.26673889160156,40647700
2022-10-31,226.22477072356645,227.34738181471067,223.69890315195386,224.64732360839844,28357300
2022-11-01,227.03767812320683,228.1409296481597,220.0020223387947,220.81494140625,30592300
2022-11-02,222.0633621151271,223.84404616078317,212.94700287287873,213.0050811767578,38407000
2022-11-03,212.9954026993864,213.3050945982589,207.08235775345725,207.34365844726562,36633900
2022-11-04,210.5372801806807,214.447044310669,206.5500783111964,214.2534942626953,36789100
2022-11-07,214.8341938279996,221.047244401779,214.14707406489467,220.52464294433594,33498000
2022-11-08,221.3278218327516,224.18272523318964,218.56001372616598,221.49234008789062,28192500
2022-11-09,220.04072724111327,221.26012061364744,217.098728086194,217.27291870117188,27852900
2022-11-10,227.84090847628838,235.4862608906142,227.42477661146236,235.1475372314453,46268000
2022-11-11,235.15723711883936,239.99606241623323,234.1313937515766,239.14442443847656,34620200
2022-11-14,234.1894756115481,236.0475827819004,231.49908988674315,233.76365661621094,31123300
2022-11-15,237.74116029609917,239.03796188941354,232.29263846364998,234.17010498046875,31390100
2022-11-16,235.62584176038104,236.60604855552322,233.3257795259496,234.5971221923828,24093300
2022-11-17,230.76366974368625,236.07226408161256,230.61810181463593,234.548583984375,23123500
2022-11-18,236.32457848011174,236.547802374884,231.97677705188883,234.10215759277344,27613500
2022-11-21,234.30598419845745,237.45038505549468,234.07307548881437,234.90769958496094,26394700
2022-11-22,236.40221710449453,238.0714650543678,233.6072093349116,237.7997283935547,19665700
2022-11-23,237.87735803486538,240.95381671678922,237.0621480919058,240.27447509765625,19508500
2022-11-25,240.01246797791015,241.3614517929226,239.44958062083853,240.18716430664062,9200800
2022-11-28,238.81875468278062,239.37192761122702,233.69455635778226,234.626220703125,24778200
2022-11-29,234.27683765009397,235.62582136830417,231.1809796211648,233.23841857910156,17956300
2022-11-30,233.47133933183883,247.79580032500542,232.78228328422537,247.6114044189453,47594200
2022-12-01,246.37890225412923,248.56251016658027,243.51595261951238,247.17471313476562,26041500
2022-12-02,242.44839236600893,248.50425481236772,242.32222362886404,247.4949493408203,21528500
2022-12-05,244.57377324279298,246.33037684588194,240.7403313992676,242.8171844482422,23435300
2022-12-06,243.41890331596056,244.42820886485632,236.58662873937655,237.8870849609375,22463700
2022-12-07,237.60564320065706,238.89639979977625,235.0629579890975,237.15921020507812,20481500
2022-12-08,237.61533452681962,241.4002634352855,235.88785939315616,240.09979248046875,22611800
2022-12-09,237.47948221736485,240.98296029845363,236.95542284837845,238.17823791503906,20609700
2022-12-12,240.14830210772652,245.08810406106682,239.87656546489097,245.05899047851562,30665100
2022-12-13,253.96811982675712,256.13232821113195,245.60248135221084,249.33888244628906,42196900
2022-12-14,249.54270989920707,254.84158999041878,246.8059142850901,249.6300506591797,35410900
2022-12-15,246.23330237453274,246.6991345223688,240.04155689170804,241.6622772216797,35560400
2022-12-16,241.21587335248572,242.4678019516118,236.3245836806278,237.4697723388672,86102000
2022-12-19,237.63473277219197,237.9744109828848,231.66621136200337,233.3548583984375,29696400
2022-12-20,232.33586378495446,235.74230142731602,231.38478542376703,234.66505432128906,25150800
2022-12-21,234.55828309775762,238.37231067567322,233.02490350803566,237.21742248535156,23690600
2022-12-22,234.14101004366566,234.84948021515527,226.9690712195299,231.16160583496094,28651700
2022-12-23,229.14296825844733,231.821522034393,227.03700146219919,231.68565368652344,21207000
2022-12-27,231.65649676645367,231.87970583722927,228.87118875185556,229.9678497314453,16688600
2022-12-28,229.89993593986588,232.64643111207874,227.26019552023155,227.6095733642578,17457100
2022-12-29,228.6965364200889,234.78152813488126,228.6965364200889,233.89837646484375,19770700
2022-12-30,231.18100636407286,232.87936810259998,229.67674014824095,232.74349975585938,21938500
2023-01-03,235.90726682667218,238.4984794551215,230.39486293780934,232.5105438232422,25740000
2023-01-04,225.4259409938991,225.9985278733158,219.2924376104367,222.33978271484375,50623400
2023-01-05,220.49587519530553,220.8355534662342,215.21639405316571,215.7501678466797,39585600
2023-01-06,216.41975808716526,219.0983111969919,212.87746752170884,218.2928009033203,43613600
2023-01-09,219.76796959383623,224.41663581790868,219.72915641914315,220.41819763183594,27369800
2023-01-10,221.0393201111181,224.48457072526574,220.62201553173728,222.09716796875,27033900
2023-01-11,224.4651868072137,228.98768506870852,224.29050527854426,228.81300354003906,28669300
2023-01-12,228.3180220940589,232.821105949786,226.6681880812586,231.4721221923828,27269500
2023-01-13,230.00668936190732,232.30675151679418,227.98806347571494,232.17088317871094,21333300
2023-01-17,230.94806647820474,233.80131636600996,230.09402846864725,233.25784301757812,29831300
2023-01-18,234.44182098542313,235.22791734206064,228.57033988504867,228.85177612304688,30028700
2023-01-19,226.88168988104673,228.57035182284125,223.87315781209423,225.08627319335938,28623000
2023-01-20,227.92982862321074,233.63632824749806,227.59015038517927,233.1316680908203,35389800
2023-01-23,233.98568794215404,237.93558370839386,232.5784623295547,235.42201232910156,31934000
2023-01-24,235.34438219144687,236.7515930613996,233.34517042755766,234.89794921875,40234400
2023-01-25,227.56105444486033,236.12080454500452,224.0866898660757,233.5101776123047,66526600
2023-01-26,236.46045082013288,240.9829486422917,234.85914439539755,240.68209838867188,33454500
2023-01-27,241.64289751902396,242.458107545592,239.5466304719591,240.83738708496094,26498900
2023-01-30,237.2950922529375,238.3529402272609,235.0532571701788,235.5482177734375,25867400
2023-01-31,236.26636386768823,240.63357952072695,235.78111768401726,240.49771118164062,26541100
2023-02-01,240.6821076556318,247.65023576111176,238.2267631452796,245.2919464111328,31259900
2023-02-02,251.182852423541,256.8796381260482,249.65917223320272,256.79229736328125,39940400
2023-02-03,251.88155741509414,256.40405468460085,249.51355404450143,250.72666931152344,29077300
2023-02-06,249.84352591670253,250.6781350311893,247.26201299101024,249.1932830810547,22518000
2023-02-07,252.84229788758566,260.83914306930143,252.4055646091288,259.66485595703125,50841400
2023-02-08,265.13852274513965,268.59347315321855,258.35476105655573,258.85943603515625,54686000
2023-02-09,265.7207756113508,265.89548673151216,255.04536048337422,255.84117126464844,42375100
2023-02-10,253.812867726257,256.29732581806934,252.96854410513563,255.3365478515625,25818500
2023-02-13,259.74253036187247,266.49714735819,259.26696907403846,263.3139343261719,44630900
2023-02-14,264.62416219078045,266.856282749665,261.33417890703004,264.138916015625,37047900
2023-02-15,261.0547258535999,263.3994740205076,258.972656227329,262.02764892578125,28922400
2023-02-16,256.8711498021807,259.5175018592182,254.80855755164183,255.05178833007812,29603600
2023-02-17,252.36654467181947,253.04757304733442,249.06832101285343,251.07254028320312,30000100
2023-02-21,247.58947974202172,248.5721416274502,244.77773242454728,245.8284912109375,28397400
2023-02-22,247.21004899921323,247.45327979594094,243.56158704829775,244.6999053955078,22491100
2023-02-23,248.64023054148305,249.88557094928385,243.69777930306105,247.8716278076172,29219100
2023-02-24,243.19187704458037,244.2037105882477,241.38223939221282,242.47190856933594,24990900
2023-02-27,245.62418557007777,245.97443849874284,242.63730436651332,243.38645935058594,21190000
2023-02-28,242.3259744546454,244.68044668021838,241.99516930320846,242.66648864746094,22491000
2023-03-01,243.9701913432016,244.13558648881542,239.1347623459425,239.60177612304688,27565300
2023-03-02,239.8742178244938,244.5928864350576,238.95966764159195,244.3107452392578,24808200
2023-03-03,245.3614953141732,248.69861464364337,244.58315381318207,248.37754821777344,30760100
2023-03-06,249.48666061100502,253.07674918507004,249.04884819003743,249.9147491455078,24109800
2023-03-07,249.36019623261095,250.71257368875254,246.5290010946981,247.26841735839844,21473200
2023-03-08,247.16137194826737,247.6478334867659,244.01883456634258,246.83058166503906,17340200
2023-03-09,248.89323803651243,252.53196156480467,244.76803802762987,245.48800659179688,26653400
2023-03-10,244.2815470078051,245.9452372856859,240.89577859254197,241.8589630126953,28333900
2023-03-13,240.7011840514009,250.92661597294014,239.0764041542882,247.04464721679688,33339700
2023-03-14,249.79797477159795,254.0010091653207,248.9320739144134,253.7285919189453,33620300
2023-03-15,252.9405940179142,259.26459506275955,252.19142412250247,258.25274658203125,46028000
2023-03-16,258.0289293565625,269.0716125790634,256.15119488258745,268.72137451171875,54768800
2023-03-17,270.7256186044692,275.65831665347815,268.8381452248547,271.8639221191406,69527400
2023-03-20,269.4802718017387,269.96673338942173,262.5433248107774,264.85888671875,43466600
2023-03-21,267.43710366119547,267.5538496813645,262.2222204606799,266.36688232421875,34558700
2023-03-22,265.9971973475459,273.43034485869043,264.81022985408475,264.9172668457031,34873300
2023-03-23,270.4142935461412,273.4498093699548,267.7484933121212,270.1418762207031,36610900
2023-03-24,269.73317213434575,273.0313954676099,267.826251303453,272.9730224609375,28172000
2023-03-27,272.9050156132335,273.8390137702269,268.05984635841014,268.8965759277344,26840200
2023-03-28,268.32245293412296,268.66298193563654,264.68370058234905,267.7776184082031,21878600
2023-03-29,271.4066849044529,273.5276803376628,270.8715889473267,272.91473388671875,25087000
2023-03-30,276.53394388967973,276.7576972006701,273.8584053599599,276.3587951660156,25053400
2023-03-31,276.04750748202,281.4374805787577,275.33726286422353,280.4937438964844,32766000
2023-04-03,278.7619618964318,280.4645776022263,276.2615716824238,279.4527587890625,24883300
2023-04-04,279.45268618193273,282.5854994542806,277.9349286652677,279.4040222167969,25824300
2023-04-05,278.11014548796777,279.3749339662447,275.259487198861,276.6410217285156,22064800
2023-04-06,275.5414780442243,284.1712991613319,274.3934361820865,283.7043151855469,29770300
2023-04-10,281.3790200160495,281.75847419402277,277.0008670217436,281.5541687011719,23103000
2023-04-11,278.0128240085293,278.2366070491665,274.01412362630157,275.171875,27276600
2023-04-12,277.07878271017614,279.2386732168352,274.32539366289427,275.81396484375,27403400
2023-04-13,275.91129524198396,282.05043844818863,275.5026841124763,281.9920654296875,24222700
2023-04-14,279.22891147364464,280.6688482565068,276.00853859815146,278.3922119140625,20987900
2023-04-17,282.07960200286976,283.7043967289592,278.4116924129814,280.9801940917969,23836200
2023-04-18,283.6751943988744,283.86005216252715,279.23866745372095,280.56182861328125,20161800
2023-04-19,278.2462970182061,281.2234396408052,276.8355761901663,280.63970947265625,17150300
2023-04-20,277.52630699953454,281.2039550334732,277.3608970127179,278.3630065917969,23244400
2023-04-21,277.2928600656761,278.5187231488767,275.3956478853203,278.0225524902344,21676400
2023-04-24,274.45190651995864,277.234482358,271.173160031667,274.14056396484375,26611000
2023-04-25,271.941745821894,273.9751515427264,267.91382992661585,267.9624938964844,45772200
2023-04-26,288.6663495624961,291.4586346304273,284.80384294642164,287.3723449707031,64599200
2023-04-27,287.9560567732343,296.936147852177,287.2555509397699,296.5761413574219,46462600
2023-04-28,295.7783684985938,300.56513364270495,295.0973104351293,298.94036865234375,36469600
2023-05-01,298.65817141433473,300.244040638563,296.88744444671465,297.2863464355469,21294100
2023-05-02,299.42684782678805,300.8083821173536,295.681087639922,297.1404724121094,26404400
2023-05-03,298.31766627691815,300.25377368049993,295.85617210321027,296.15777587890625,22360800
2023-05-04,297.94798558856564,299.42684782678805,295.1848873161754,297.1404724121094,22519900
2023-05-05,297.4420521379096,303.5228215296377,296.03130176252597,302.2385559082031,28197100
2023-05-08,301.7326922255804,301.8008039789724,297.80207398264633,300.2927551269531,21318600
2023-05-09,299.66027036784914,301.6450415111089,298.01602819734876,298.6873474121094,21340800
2023-05-10,300.26351860842567,304.5249264836218,299.33925948976275,303.8536071777344,30078000
2023-05-11,301.7034867589505,302.695857722587,297.9674652772338,301.71319580078125,31680200
2023-05-12,302.14127044452766,302.2385686971637,298.29824184109515,300.60406494140625,19774700
2023-05-15,300.7306029224894,301.50892969880647,299.261479214083,301.0808410644531,16336500
2023-05-16,301.44072470865035,305.2156707578937,301.44072470865035,303.29901123046875,26730300
2023-05-17,304.49844392680916,306.58503594078644,302.9870982202375,306.165771484375,24315000
2023-05-18,306.68252689685806,311.0800126585323,305.8927386445008,310.5729675292969,27276000
2023-05-19,308.8372836549044,310.7971433987786,308.476519967082,310.3973693847656,27546700
2023-05-22,310.65094892902596,314.5413890695808,310.0756729757329,313.16656494140625,24115700
2023-05-23,312.0452341385488,314.66812088311536,307.38449657033,307.3942565917969,30797200
2023-05-24,306.8774884337067,308.6033161721185,304.8103574976606,306.0194396972656,23384900
2023-05-25,315.17511275761063,318.74379887860135,312.01596067772016,317.78826904296875,43301700
2023-05-26,315.935693050292,325.0816668912498,315.7992015223041,324.58441162109375,36630600
2023-05-30,326.86600894737563,327.36326419300417,322.2735022093098,322.9462890625,29503100
2023-05-31,323.9993748636306,327.5583014347169,319.16310540886235,320.1966857910156,45950600
2023-06-01,317.7980879864151,325.2084750715489,316.61828563761367,324.28216552734375,26773900
2023-06-02,325.91052805965796,329.07944119711163,324.2529308237524,327.0318298339844,25873800
2023-06-05,326.8562818593042,330.11294548453895,326.31025620693947,327.5583190917969,21307100
2023-06-06,326.96353250247705,327.0025428376745,323.88240041372416,325.3547058105469,20396200
2023-06-07,323.37532887108034,326.1444673202271,314.45362725824225,315.3116760253906,40717100
2023-06-08,315.8576718437754,318.49031851672504,315.2823959646681,317.1447448730469,23277700
2023-06-09,316.8815191818162,321.7567696311191,316.3160032224107,318.6366271972656,22529000
2023-06-12,320.3819407440362,323.8141360540533,317.0472861489783,323.57037353515625,24260300
2023-06-13,326.1249647437929,328.572349691123,322.14677395783576,325.949462890625,22951300
2023-06-14,325.9982202996805,330.58096729872784,324.50639495848685,328.9233703613281,26003800
2023-06-15,329.0598905688736,341.1114945004108,328.78687775426107,339.4149169921875,38899100
2023-06-16,342.55463113018976,342.70088270371474,333.4184158445692,333.7889099121094,46552000
2023-06-20,330.8441729587754,333.54505041870027,327.48023896465304,329.6156005859375,26375400
2023-06-21,327.9775589781728,329.30364243212927,323.78485594149885,325.2376708984375,25117800
2023-06-22,325.783726576518,331.6340270315193,325.0231887076145,331.2342529296875,23556800
2023-06-23,326.01771828331994,329.5279043913859,325.13044892910204,326.6612548828125,23146900
2023-06-26,325.3937413274087,327.72409574191425,320.2942182667598,320.4014892578125,21520600
2023-06-27,323.58006632131827,327.76303899280276,321.0839407974331,326.22247314453125,24354100
2023-06-28,326.31026905867196,329.5474425224492,325.48147052492266,327.4705810546875,20259500
2023-06-29,326.35897729326905,327.72404134255896,324.3211263632283,326.69049072265625,16997000
2023-06-30,329.32312037613315,334.17887983586667,328.78685480648323,332.04351806640625,26832800
2023-07-03,330.727231395335,332.394558661991,328.1726050055835,329.5571594238281,12508700
2023-07-05,326.72948429799266,333.1258095919121,326.37848059881856,329.713134765625,18172400
2023-07-06,328.88442060889855,334.43245862825876,327.1293421510927,332.75537109375,28161200
2023-07-07,330.8539769415479,333.26235165945616,328.5918537740865,328.8063659667969,21214800
2023-07-10,326.2516576279601,326.8659437414747,319.4165492468927,323.5507507324219,32791400
2023-07-11,322.800041689948,324.55511973893175,318.84134117994995,324.17486572265625,26698200
2023-07-12,328.20182929500714,333.1258197926784,327.29503995487715,328.786865234375,29995300
2023-07-13,331.0879653631058,335.16366709536976,330.5614300476907,334.1106262207031,20567200
2023-07-14,338.91765538868515,342.661844143398,335.7194923009407,336.62628173828125,28352700
2023-07-17,337.05526407197954,338.33257714303016,333.6621092446477,337.1040344238281,20363900
2023-07-18,337.20153461943244,357.62884439822335,333.63287773911316,350.5207214355469,64738600
2023-07-19,352.72442337133646,353.41670070814644,343.64670804184505,346.2208251953125,39732900
2023-07-20,344.74842283159865,349.03863672095343,336.7530012262202,338.215576171875,33778400
2023-07-21,340.4387679481885,341.56006971565506,331.35129303428135,335.1929931640625,69405400
2023-07-24,337.22109957992086,338.2644103795848,333.7694137248581,336.4995422363281,26678100
2023-07-25,338.4496147386664,343.11038262849917,336.4605340248674,342.22308349609375,41637700
2023-07-26,332.92106736693563,336.07048951280683,324.7988843745913,329.3426208496094,58383700
2023-07-27,331.98500245672983,332.8137710712754,320.8401594248719,322.468505859375,39635300
2023-07-28,325.3449560601863,331.52676966933615,324.8574310459994,329.92767333984375,28484900
2023-07-31,328.51386838696095,329.2744062182313,325.0426629130829,327.538818359375,25446000
2023-08-01,326.827001708787,330.0934250583603,325.37418677597503,327.94830322265625,18311900
2023-08-02,325.30588726504845,325.30588726504845,318.21725578875714,319.3288269042969,27761300
2023-08-03,317.86632056535905,321.6495195711113,317.81757996467144,318.5098571777344,18253700
2023-08-04,323.5996092744747,326.7782818997198,319.0753628445266,319.6018981933594,23741500
2023-08-07,320.17711054796575,322.84873758215554,319.3483122344212,321.8736877441406,17741500
2023-08-08,318.802368731708,320.5477167225477,314.9411787114309,317.9150695800781,22327600
2023-08-09,318.32454016439254,318.94855662350545,313.039756644874,314.1903381347656,22373300
2023-08-10,317.88582607311884,320.06995855318496,313.16658711260004,314.8729248046875,20113700
2023-08-11,312.2695059957332,314.36585743355505,311.2456856962181,313.00079345703125,24355500
2023-08-14,313.37138426545255,315.9747515213893,312.0940411840079,315.95526123046875,18836100
2023-08-15,314.9411305404492,316.97898134379494,312.8935197157339,313.8295593261719,16966300
2023-08-16,313.4582836388938,316.9954627703804,312.4811692512175,313.06744384765625,20698900
2023-08-17,313.2042327148122,314.50378164094593,308.9733110073384,309.62799072265625,21257200
2023-08-18,307.29270464284144,311.0936940527994,304.4199858602723,309.2371826171875,24755000
2023-08-21,310.65396660689254,315.3831966115051,309.78435031765304,314.5135803222656,24040000
2023-08-22,318.0507277854862,318.61744100027846,314.1031773769701,315.0802917480469,16084600
2023-08-23,316.40920172771865,321.66608212966844,316.05742502712076,319.51641845703125,21166400
2023-08-24,325.2325153533981,325.35954498918005,312.63749714645934,312.64727783203125,23281400
2023-08-25,314.11295718549064,317.91391657239774,311.5040487015702,315.5884094238281,21684100
2023-08-28,318.20709765634393,318.68587419815776,314.3572643100924,316.2919616699219,14808500
2023-08-29,314.51357886440167,321.45109687018396,314.51357886440167,320.8941345214844,19284600
2023-08-30,321.14816243481806,322.26205720426236,318.97896754783574,321.2654113769531,15222100
2023-08-31,321.6661416627534,323.3369992971247,319.3015111852131,320.25909423828125,26411000
2023-09-01,323.7278057381443,324.3922364479654,319.30147820313266,321.1384582519531,14942000
2023-09-05,321.47061510740485,327.1867399112931,321.13839981294905,325.9164733886719,18553900
2023-09-06,325.75036744875047,326.80563776371406,322.62358978658284,325.2618103027344,17535800
2023-09-07,323.70825547986243,325.4572688809115,321.4999672739755,322.3598327636719,18381000
2023-09-08,322.5357246617766,328.46681688735,321.9201377501079,326.62005615234375,19530100
2023-09-11,329.522123563775,330.67514147324664,327.75354849431614,330.20611572265625,16583300
2023-09-12,328.13460834601074,329.0824106320826,323.89393486766744,324.1772766113281,17565500
2023-09-13,323.7277859536388,329.141008354495,323.59100543664357,328.36907958984375,16544400
2023-09-14,331.38838359380287,333.059241074138,328.86744125187914,330.9486999511719,20267000
2023-09-15,329.2094292987057,329.6784251727831,322.10578782450574,322.6627502441406,37679800
2023-09-18,320.29809265490445,322.8385960925468,318.89104551464607,321.5292663574219,16834200
2023-09-19,318.705497901436,321.8518082611858,317.08348400723725,321.12872314453125,16505900
2023-09-20,321.9690173569062,322.0471733986375,313.17498661327795,313.42901611328125,21436500
2023-09-21,311.95359703612553,317.90422099600227,307.7910795608823,312.2174072265625,35560400
2023-09-22,313.9663650092456,314.09339463566073,308.91467110299936,309.7550048828125,21447900
2023-09-25,309.34461765593346,310.3999178157117,307.7910094721355,310.27288818359375,17836000
2023-09-26,307.9181144910141,308.6509504072707,302.92504360895043,304.9965515136719,26297600
2023-09-27,305.1528159801847,307.1070447852302,302.6025617027996,305.6316223144531,19410100
2023-09-28,303.8728115871533,308.2600757204857,302.3680768122536,306.4621887207031,19683600
2023-09-29,310.4781242122937,312.1587623008752,307.7715278533527,308.5238952636719,24147300
2023-10-02,309.04173366618016,314.523360821819,307.96690188868587,314.4353942871094,20570000
2023-10-03,313.48759919542874,314.03481069195016,304.0877634575696,306.2178955078125,21033500
2023-10-04,306.84326360549875,312.7157312613082,306.81395136342184,311.6604309082031,20720100
2023-10-05,311.78752033713823,312.6571667174222,307.6934074335509,312.05133056640625,16965600
2023-10-06,309.3055602997531,321.65630098463043,309.06128169271835,319.7704772949219,25673600
2023-10-09,317.3179038998877,322.7408769349448,315.78382712320234,322.2718811035156,19891200
2023-10-10,323.38576454759857,323.52257487302114,320.1710797301385,320.8746032714844,20557100
2023-10-11,323.63010886357574,325.20327882959333,321.60750436322496,324.81243896484375,20063200
2023-10-12,323.00471335948436,325.99468102864705,321.1970457612764,323.5812072753906,19313100
2023-10-13,324.7732817040409,326.190079660526,318.8910340646987,320.2297058105469,21072400
2023-10-16,323.4737360067268,328.44727494049874,323.03405238313746,325.0273742675781,22158000
2023-10-17,322.0471280716989,325.8285559881701,319.91702585909127,324.4606018066406,18338500
2023-10-18,324.8807739787621,327.909834737972,320.7866620472197,322.55523681640625,23153600
2023-10-19,324.5485406563444,329.1703024841639,323.33692834747904,323.737548828125,25052100
2023-10-20,324.12835446088064,324.32378924714186,318.0018585787794,319.1939392089844,25027700
2023-10-23,318.0214287466955,325.1152889172781,316.96615830256553,321.7833251953125,24374700
2023-10-24,323.71800459686386,324.24565474799095,320.1026990318568,322.96563720703125,31153600
2023-10-25,337.1239893295993,338.2770069491987,329.8933489527061,332.8735656738281,55053800
2023-10-26,332.7465382675552,333.8115893601042,319.45777677753637,320.38604736328125,37828500
2023-10-27,322.86786051864124,329.0139176156299,320.8843197467533,322.2620544433594,29856500
2023-10-30,325.77974409067264,331.6815239306809,324.235886505314,329.5904846191406,22828100
2023-10-31,331.09524685603606,331.24180806391223,327.03044704898707,330.3721618652344,20265300
2023-11-01,332.01374650613616,339.4691349616439,331.8769361620282,338.1500244140625,28158800
2023-11-02,339.29324086548826,340.84684939451466,336.87976677643417,340.3485412597656,24348100
2023-11-03,341.62851616542054,346.27959030223104,339.38113512943426,344.7259521484375,23637700
2023-11-06,345.36110615399525,349.3575005821622,345.2633887474612,348.37060546875,23828300
2023-11-07,351.1749695373723,354.1649377278924,349.4454874880857,352.27911376953125,25833900
2023-11-08,353.40270657525184,355.54258936078696,352.2985626023582,354.887939453125,26767800
2023-11-09,354.0085341532929,356.44156927918397,352.1129298373234,352.4353942871094,24847300
2023-11-10,353.21708130319655,361.6300519453443,352.8067099465058,361.20989990234375,28042100
2023-11-13,359.79306407971893,360.03734267871334,357.52615152445077,358.2882995605469,19986500
2023-11-14,362.5192275200011,363.4377174527681,358.9429851939613,361.796142578125,27683900
2023-11-15,363.5193564786247,365.3306930182784,359.4365063311856,361.9430236816406,26860100
2023-11-16,363.2060393855787,368.48338982170065,362.4423444484434,368.3071594238281,27182300
2023-11-17,365.80064944827456,366.54477320500723,359.32882848725313,362.1192626953125,40157000
2023-11-20,363.4606399313925,370.95073116555085,363.24523724780994,369.5506286621094,52465100
2023-11-21,367.8176325584251,368.3561243217149,363.3627202596963,365.27197265625,28423100
2023-11-22,370.0988850281661,371.85147806167527,367.1322205576516,369.9520263671875,23345300
2023-11-24,369.44288626548433,370.0695230751344,367.2986899991627,369.5408020019531,10176600
2023-11-27,368.9044009726802,372.683733332582,368.336537498751,370.6961364746094,22179200
2023-11-28,370.4415726583984,374.994370396148,370.25554172918464,374.7006530761719,20453100
2023-11-29,375.738494499301,376.2671856758015,369.5505906614915,370.9311218261719,28963400
2023-11-30,370.5786340328009,372.1451961390215,367.6217700935787,370.9898681640625,30554400
2023-12-01,368.884854564053,370.2555853515813,363.5487602115402,366.681884765625,33040500
2023-12-04,361.3849610271203,361.79616532164505,355.31454343634607,361.42413330078125,32063300
2023-12-05,358.7903292029664,365.28172122334854,357.9776614584204,364.7334289550781,23065000
2023-12-06,365.73209860202707,366.35870548187097,360.33726166675575,361.0911560058594,21182100
2023-12-07,360.5331119373255,363.68580733396766,358.6630319776083,363.1962585449219,23118900
2023-12-08,361.4828549867559,366.6328881744278,360.53312909562084,366.40771484375,20154400
2023-12-11,360.77793808950827,363.8327181906465,358.44768073859893,363.5389709472656,27708800
2023-12-12,363.0984125455893,366.5937987418029,362.7165500745458,366.55462646484375,24838300
2023-12-13,368.16027437565873,369.7464376106383,363.0200118977458,366.5447692871094,30955500
2023-12-14,365.50696539591144,365.9475713192963,356.51885554826436,358.2812194824219,43277500
2023-12-15,359.1819619943408,364.6159417445296,358.6238691889497,362.9808654785156,78502300
2023-12-18,361.7276536100702,365.20343845853677,360.9737292655857,364.8607482910156,21802900
2023-12-19,363.7249858043668,365.4580078125,362.1094806161989,365.4580078125,20603700
2023-12-20,367.1616214647713,368.1700908565403,362.78505374172363,362.8731689453125,26316700
2023-12-21,364.77262075610525,366.58395739776404,362.30530541678434,365.7321472167969,17708000
2023-12-22,365.8692452345427,367.3378918803586,364.919519208394,366.75042724609375,17107500
2023-12-26,367.1616249726416,369.0610768362086,365.69297847275107,366.8287353515625,12673100
2023-12-27,365.87900622442777,367.2203652351963,365.01739550459973,366.2510681152344,14905400
2023-12-28,367.5238756999293,368.5910885400905,366.33917592392487,367.4357604980469,14327000
2023-12-29,368.14066782074684,369.2764245304369,365.6733528250178,368.1798400878906,18730800
2024-01-02,366.0454736937905,368.0428414876802,359.10367417076867,363.11798095703125,25258600
2024-01-03,361.2968150611858,365.45797986261033,360.8072662610182,362.85357666015625,23083500
2024-01-04,362.9220617620248,365.30126137357655,359.4952207170188,360.2491149902344,20901500
2024-01-05,361.25764113124956,364.2830491168241,358.8392688743441,360.0631408691406,21004600
2024-01-08,361.58071261682426,367.35741205524755,361.2967958412056,366.8580627441406,23134000
2024-01-09,364.23416186369485,368.1309517677685,363.4312945412616,367.9351501464844,20830000
2024-01-10,368.5029465849431,376.1399255368866,368.4540036584579,374.7691650390625,25514200
2024-01-11,377.9316910243427,382.5138608324762,372.4291670394017,376.59033203125,27850800
2024-01-12,377.4323150873344,380.55563874578314,376.6098767088899,380.35003662109375,21661200
2024-01-16,385.4316128958056,385.7938742722587,379.51785428757296,382.1124572753906,27202300
2024-01-17,379.8702558603142,381.95570842020396,376.76650366232656,381.3291015625,22234100
2024-01-18,383.5321225973024,385.75466344784127,381.96556042243856,385.6371765136719,23392100
2024-01-19,387.48764513323476,390.3368225097656,385.2748751705021,390.3368225097656,29331100
2024-01-22,391.6585969965062,392.24606151114637,385.3630068278654,388.22198486328125,27016900
2024-01-23,387.47792092588605,391.03205041405533,385.6959559124731,390.56207275390625,20525900
2024-01-24,393.14686950723774,397.1513752160577,392.079656679383,394.1455383300781,24867000
2024-01-25,395.8687043772285,398.5024790160312,394.11611150359863,396.4071960449219,21021200
2024-01-26,395.917652215205,397.6800456471152,394.0182006704119,395.4868469238281,17803300
2024-01-29,397.57235261817027,401.4104281984527,395.8785030835569,401.1558532714844,24510200
2024-01-30,403.64277019124665,404.41623575131524,397.9542157503529,400.0494689941406,33477600
2024-01-31,398.45353212037105,406.6388032074163,388.90733097100707,389.26959228515625,47871100
2024-02-01,393.4307745878308,399.4718199134869,393.40140285508346,395.34002685546875,30657700
2024-02-02,395.36942496681314,404.02464472350925,395.12465055102524,402.6245422363281,28256700
2024-02-05,401.3320936868834,402.5657662041655,395.5456233801517,397.1709289550781,25352300
2024-02-06,397.39611409161796,399.44242436350055,394.4881932042721,397.0142517089844,18382600
2024-02-07,398.92350430633786,405.64009909216526,398.8843320384044,405.39532470703125,22340500
2024-02-08,405.3953275824479,406.87377444064305,403.9071100669644,405.4540710449219,21225300
2024-02-09,406.57022528148667,412.0238053720999,406.41356610039173,411.7594299316406,22032800
2024-02-12,411.769283442755,411.94551383927785,406.0807287884979,406.580078125,21202900
2024-02-13,396.4757145490516,401.4984891311886,394.95812548880923,397.8268737792969,27824900
2024-02-14,400.2792461565028,402.01544302317166,396.8460672009255,401.672119140625,20401200
2024-02-15,400.3479476570602,401.31903734272595,396.57144452899195,398.798095703125,21825500
2024-02-16,400.17133095818804,400.49504745207923,395.73763633762957,396.3457946777344,22296500
2024-02-20,395.5414273661721,396.76756266074034,390.4112964520626,395.10003662109375,24307900
2024-02-21,392.53007321174096,394.60959394201785,389.63638185870155,394.5016784667969,18518900
2024-02-22,402.3587758261095,404.9483581581281,400.7697091781749,403.7908935546875,27009900
2024-02-23,407.7340549150229,407.920399900998,401.1619591253228,402.50579833984375,16295900
2024-02-26,403.60448178020243,404.2911294979053,399.5827521513917,399.75933837890625,16193500
2024-02-27,400.2007433350152,400.5244598178457,396.13979878680874,399.70050048828125,14835800
2024-02-28,400.3870613953607,401.48567367865326,397.58167859587735,399.93585205078125,13183100
2024-02-29,400.83834831741547,406.29219561123216,398.17027676875426,405.7428894042969,31947300
2024-03-01,403.4180696743678,407.93025299029875,403.0355310756915,407.56732177734375,17823400
2024-03-04,405.54668869062186,409.38204334564557,404.4480762959748,406.9984436035156,17596000
2024-03-05,406.056714869292,406.3411866044012,392.9910415291509,394.962646484375,26919200
2024-03-06,395.27656457076307,397.4247558475786,390.7840183450358,394.4133605957031,22344100
2024-03-07,398.3664647487739,401.9565926355365,394.5605358436286,401.3288269042969,18718500
2024-03-08,400.171309298901,402.58436507476455,396.61060766849016,398.46453857421875,18002200
2024-03-11,396.0515271512708,397.93485423983793,393.5992565104688,396.7969970703125,16120800
2024-03-12,399.8378019777306,407.63603426425436,399.02366133031137,407.3515625,22457000
2024-03-13,410.11768156800736,410.19614104443707,403.5946487063615,407.1749572753906,17115900
2024-03-14,412.2169029464952,419.65220477798977,410.0098592258052,417.1018371582031,34157300
2024-03-15,411.28501994441507,414.53182378938754,404.9091164524236,408.4698181152344,45079900
2024-03-18,406.3412048651448,412.6975005120342,405.8801768330178,409.35260009765625,20106000
2024-03-19,409.8528643144651,413.61957818454806,407.61639479250874,413.3645324707031,19837900
2024-03-20,413.9432282491302,417.82761603764675,412.6288149554134,417.111572265625,17860100
2024-03-21,421.6237557740876,422.5948752417206,419.004747660182,421.17254638671875,21296200
2024-03-22,421.4962894258474,421.65320840400005,417.93558766825475,420.5545959472656,17648500
2024-03-25,417.12140106535213,419.2499850699005,413.5606994442316,414.7868347167969,18060500
2024-03-26,417.48430243445387,417.85705232022457,413.3056540804049,413.59991455078125,16725600
2024-03-27,416.3366986755512,416.3465173372015,411.0103740796991,413.3841552734375,16705000
2024-03-28,412.9230609501764,413.81569090376234,411.1181936577938,412.6876525878906,21871200
2024-04-01,415.85607505767865,419.7208560550212,414.15909296576694,416.4642333984375,16316000
2024-04-02,412.08929633397446,414.3159769269491,409.86264567594,413.3939208984375,17912000
2024-04-03,411.71659648353796,415.17920112214335,411.0888008867087,412.4228515625,16502300
2024-04-04,416.8761593197056,420.48592418548293,409.5978373618215,409.90191650390625,19370900
2024-04-05,411.99124304246095,418.36714603884514,410.33350586860576,417.3960266113281,16554800
2024-04-08,417.0527386666228,419.12244053087517,415.21841524840187,416.4837951660156,14272400
2024-04-09,418.29848942937065,419.5736580977935,413.57050478624086,418.14154052734375,12496900
2024-04-10,414.1296507389469,415.93451830181,411.68719880938414,415.1792297363281,16216600
2024-04-11,417.6903079757618,421.17251987057847,414.29634428569665,419.760009765625,17966400
2024-04-12,415.95410040174403,417.06253143112855,411.75581460240056,413.84515380859375,19253800
2024-04-15,418.4554515197094,418.6712525249299,405.5368771254888,405.7428894042969,20273500
2024-04-16,406.6550977488978,410.4119627811132,405.8311384974836,406.6648864746094,16765600
2024-04-17,409.2839508985917,410.8828360715611,402.4960529094379,403.97723388671875,15855500
2024-04-18,402.7903496970384,404.02630364117994,396.23788993068626,396.5517578125,21029900
2024-04-19,396.31638549133476,397.73871452270663,390.1758898574742,391.5001220703125,30565800
2024-04-22,392.4418190128405,395.1589544358304,388.1944988174971,393.3050231933594,20286900
2024-04-23,396.5222860267283,400.4067037074316,395.36482163775406,399.7887268066406,15734500
2024-04-24,401.74078982977966,404.595236495939,399.0138660286807,401.2503356933594,15065300
2024-04-25,386.507271018032,392.25540884693,380.6218216022703,391.421630859375,40586500
2024-04-26,404.300879042293,405.1150195421552,398.0132549288772,398.56256103515625,29694700
2024-04-29,397.5130370183344,398.562615947593,391.56873588609426,394.5703125,19582100
2024-04-30,393.8248513162942,394.4820730278576,381.74008419354954,381.8970031738281,28781400
2024-05-01,385.11436938308555,394.05045900742965,382.85829240714,387.39990234375,23562500
2024-05-02,390.067981051651,392.2946320183516,387.1154376190438,390.2445373535156,17709400
2024-05-03,394.59976579857647,399.37678414031285,394.1877711661832,398.8961486816406,17446700
2024-05-06,400.9560656726651,406.02734455936377,398.61168058742396,405.6448059082031,16996600
2024-05-07,406.74340224425765,406.75322090554647,401.27973632622934,401.52496337890625,20018200
2024-05-08,400.37727892161104,404.3597634781988,398.9451315189421,402.7020263671875,11792300
2024-05-09,402.73150019277335,404.84044690561177,401.28956389363333,404.4480895996094,14689700
2024-05-10,405.0562460600837,407.44966453116945,403.93799631140473,406.8218688964844,13402300
2024-05-13,410.02939307645266,410.36289822900073,402.9766616384639,405.8212890625,15440200
2024-05-14,404.15378509704203,409.51935413927424,403.69275704643184,408.60711669921875,15109300
2024-05-15,410.6608977071615,416.46852499785643,410.0418061194269,415.75115966796875,22239500
2024-05-16,414.493323488297,418.0506409370668,413.06845922359344,413.6973571777344,17530100
2024-05-17,415.2205329091171,415.5939551336606,410.7886480687753,412.9308776855469,15352200
2024-05-20,412.9308753558347,419.3772369114519,412.71468512121004,417.9720153808594,16272100
2024-05-21,419.43623228216074,425.46988664412265,417.49054998726376,421.60797119140625,21453300
2024-05-22,422.63977275649836,424.91959180983645,419.7310556819618,423.06231689453125,18073700
2024-05-23,425.4698880093599,426.0889796466093,418.0506847119264,419.6033020019531,17211700
2024-05-24,419.7900340603218,423.59299146281916,417.0581916118114,422.7085876464844,11855300
2024-05-28,422.1877338257991,423.35712243524114,419.2102222377172,422.86578369140625,15718000
2024-05-29,418.3159892619867,423.4750461602697,418.3159892619867,421.7357177734375,15517100
2024-05-30,416.95009868740084,416.95009868740084,407.06436431189735,407.4869384765625,28394500
2024-05-31,409.5308058785648,409.5308058785648,397.5028441158069,407.9388732910156,47995300
2024-06-03,408.3319723384426,409.21637607324783,401.83648858598,406.3567810058594,17484700
2024-06-04,405.28571008638386,409.2262568074665,402.58334672161834,408.8626708984375,14348900
2024-06-05,410.57245747625547,416.7338342090642,409.08860495020656,416.6650695800781,16988000
2024-06-06,416.66505364933033,417.942522272772,413.294447378338,417.16619873046875,14861300
2024-06-07,418.8171717087438,418.89577271534046,415.67259164399417,416.50787353515625,13621700
2024-06-10,417.34315052242914,420.66457531575907,416.5471841383872,420.4582214355469,13982900
2024-06-11,418.10961578141064,425.3224647271418,417.8835891699695,425.18487548828125,14551100
2024-06-12,427.7792095971262,435.7192312163597,425.74505981738713,433.4197692871094,22366200
2024-06-13,433.21338970261115,435.7093989946261,431.75901618030764,433.93072509765625,15960600
2024-06-14,430.68786981308114,435.4636977946633,429.15489539650804,434.903564453125,13582000
2024-06-17,434.92324397820295,443.1286073434569,433.0856417971322,440.6031188964844,20790000
2024-06-18,441.9199562747978,442.34253045464123,437.18347280743205,438.60833740234375,17112500
2024-06-20,438.5689831798124,438.7950098147065,433.62611625090886,437.9794006347656,19877400
2024-06-21,439.63025801243765,442.774807970896,438.77533339876635,441.9886779785156,34187100
2024-06-24,442.00833058442447,444.9072412251996,438.677069430459,439.9152526855469,15913700
2024-06-25,440.48515617122325,443.6002568065394,439.01114003233465,443.1383972167969,16413400
2024-06-26,441.2221891732116,445.7425115856911,440.42622281234816,444.32745361328125,16507000
2024-06-27,444.3471165440364,448.2680202655606,443.94421515967235,445.0055236816406,14806300
2024-06-28,445.22168389223947,447.49166642517747,438.6770484115445,439.20770263671875,28362300
2024-07-01,440.88811382009334,449.4472268960843,437.9400811658245,448.8183288574219,17662800
2024-07-02,445.349461110364,451.6287548273333,445.26099374388446,451.3241271972656,13979800
2024-07-03,450.2529744663604,453.0339384006955,449.94834686189404,452.78826904296875,9932800
2024-07-05,451.6483951731934,460.2370169877969,451.01949716215944,459.460693359375,16000300
2024-07-08,458.4682323999341,459.5983356560207,456.4144397692927,458.1636047363281,12962300
2024-07-09,458.9104170237532,459.23468742094946,450.0663190511327,451.57965087890625,17207200
2024-07-10,453.2305038870679,458.37972423311413,450.91136946375343,458.1733703613281,18196100
2024-07-11,454.9600551032178,456.72886266734906,443.7280281074878,446.823486328125,23111200
2024-07-12,446.459846610387,448.45468069664645,442.8436006787632,445.693359375,16324300
2024-07-15,445.4476817175394,449.33910606074033,443.61007966105154,446.09625244140625,14429400
2024-07-16,446.3517811207802,446.43038212668165,438.92274152217504,441.7331848144531,17175700
2024-07-17,434.92324477920374,437.14410559537976,431.5723108003405,435.8371276855469,21778000
2024-07-18,436.6429302135875,436.9475578488645,426.8751131633182,432.74169921875,20794800
2024-07-19,425.5976305961669,433.49836608097274,424.51667935003445,429.53814697265625,20940400
2024-07-22,434.1370778123692,436.89839903999433,431.3069619660928,435.26715087890625,15808800
2024-07-23,436.21051790501895,440.6227600869156,435.4243879336588,437.1440734863281,13107100
2024-07-24,432.82024770099764,433.83240416468607,420.1830014763253,421.4703063964844,26805800
2024-07-25,421.37209200547386,422.3547694868196,410.2776848331151,411.1522521972656,29943800
2024-07-26,410.95575198353527,421.490056226304,410.0418390958428,417.90325927734375,23583800
2024-07-29,424.10394408211863,424.66407745687695,417.34314804369717,419.3379821777344,15125800
2024-07-30,420.3108034246303,421.6177512482942,410.13024936818454,415.5939636230469,32687600
2024-07-31,413.21586942488864,414.47369536650564,405.0694649339739,411.1031188964844,42891400
2024-08-01,413.5008583778063,420.05530026736574,405.9342299111822,409.88458251953125,30296400
2024-08-02,405.34465060644726,407.8111808388244,397.335834619087,401.4139404296875,29437900
2024-08-05,382.4285705967925,394.09294634268963,378.90073239916643,388.3049621582031,40709200
2024-08-06,393.07097221564607,398.6427664419344,391.5969560698374,392.6877136230469,24946500
2024-08-07,401.5613573427881,402.97638538590667,390.58483621712907,391.5281982421875,20650900
2024-08-08,395.46877762031824,398.8295182344643,393.01208360865684,395.7144470214844,20203000
2024-08-09,397.0312061411671,400.9815590644515,395.2918776876415,398.9867248535156,19276700
2024-08-12,400.0087309169643,401.6792947885224,397.23757296063644,399.7630615234375,16762900
2024-08-13,402.49487016333154,407.7620371122612,402.475227409518,406.83831787109375,19414300
2024-08-14,407.61463319199424,410.48406481515934,405.3053649551057,409.6389465332031,18267000
2024-08-15,413.27153919674845,414.56116454959863,411.16483466760724,414.482421875,20752100
2024-08-16,414.0591609720714,414.787643452163,410.81046198721873,411.9622802734375,22775600
2024-08-19,412.4446299731582,415.19125033166955,409.9835081573214,414.97467041015625,15234000
2024-08-20,415.1419894571752,419.2372692231651,415.08292494421295,418.1937561035156,16387600
2024-08-21,417.48500333716095,419.76893159636126,415.1617187597954,417.5440979003906,16067300
2024-08-22,417.7605748245769,420.1528076484466,408.16220140309326,409.08758544921875,19361900
2024-08-23,410.4954277824997,412.73996960606866,405.6814592418378,410.3083801269531,18493800
2024-08-26,409.89490950861074,410.7907614506505,404.94313363943934,407.0596923828125,13152800
2024-08-27,406.43946532338146,407.91613833509496,403.8700687036349,407.40423583984375,13492900
2024-08-28,408.42810007077503,408.54622911327857,400.975815861933,404.21466064453125,14882700
2024-08-29,408.4871383812944,415.48655408743093,404.2146347079457,406.6954345703125,17045200
2024-08-30,409.1368642535232,410.99745657650817,405.7208262421071,410.6529235839844,24308300
2024-09-03,411.4109125689516,413.35027748692255,400.7001071362785,403.0726318359375,20313600
2024-09-04,399.5975240045065,404.8446216814279,398.08146478954603,402.541015625,15135800
2024-09-05,401.2809263113811,406.6757153578755,399.81410753750566,402.0389709472656,14195500
2024-09-06,402.6985610672717,404.26383081056673,394.5670056307313,395.4530334472656,19609500
2024-09-09,400.9068736495872,402.2949499033103,395.89603343829765,399.4105224609375,15295100
2024-09-10,401.85200481793703,409.855548179251,401.3597804269513,407.7586975097656,19594300
2024-09-11,409.03843011648604,417.39638986900843,403.21048066101315,416.461181640625,19266900
2024-09-12,416.72697057085117,420.7238298297295,413.2223356546228,420.3595886230469,17395700
2024-09-13,419.20778281644255,425.11447510259467,418.84354159900835,423.8937683105469,15874600
2024-09-16,423.90362815097126,426.7880557127787,421.5606353721957,424.6321105957031,13834700
2024-09-17,433.38382833136643,434.9786302945307,425.5475956574911,428.3828125,18874200
2024-09-18,428.235163297131,429.249144206207,423.7165475930165,424.1103210449219,18898000
2024-09-19,434.36830593406904,434.63409626466625,430.1056262859268,431.8677978515625,21706600
2024-09-20,430.42066355244185,432.4092391189892,427.4673174405253,428.5009765625,55167100
2024-09-23,427.52638627626743,429.67247726227924,423.6968964015023,426.76837158203125,15128900
2024-09-24,426.2662748026867,426.61083784634445,419.4735849772464,422.495849609375,17015800
2024-09-25,423.14556440453987,426.384408985251,421.9051794925785,425.3901062011719,13396400
2024-09-26,428.32378449228514,428.5305103087993,422.45647860828996,424.6025695800781,14492000
2024-09-27,424.80927883764434,425.1341637224931,420.8222737453315,421.36370849609375,14896100
2024-09-30,421.5507517579481,423.7264049247719,418.7549211722127,423.6082458496094,16807300
2024-10-01,421.78703621784,421.81656847562806,412.2969368087723,414.147705078125,19092900
2024-10-02,416.0083553062398,416.24464344442003,410.22964573183543,410.64312744140625,16582300
2024-10-03,411.1353013004486,413.02542591560956,407.84724636027164,410.062255859375,13686400
2024-10-04,411.7357819472086,413.2223089798081,408.5166457695598,409.5896911621094,19169700
2024-10-07,409.5306729821077,410.6233966552464,402.6395318501973,403.171142578125,20919800
2024-10-08,404.5099947662806,409.19598053892946,401.82246884384335,408.2607421875,19229300
2024-10-09,409.39277177231503,413.8424985783194,407.8570343920262,410.9678955078125,14974300
2024-10-10,408.77263914925425,410.859665558973,406.7249690560659,409.3731384277344,13848400
2024-10-11,409.66850956364067,410.64310419410805,406.82343830885475,409.845703125,14144900
2024-10-14,411.27310627026066,417.4456186019399,411.02699410502277,412.621826171875,16653100
2024-10-15,415.6145639475164,415.9099165968068,408.8021954562943,412.2280578613281,18900200
2024-10-16,408.71356498849764,409.8850312589263,404.09649835161355,409.6487731933594,15508900
2024-10-17,415.7917465890575,415.9295838303706,409.127039576057,410.2394714355469,14820000
2024-10-18,410.65297755440105,413.12392355721715,409.78665782313783,411.6571044921875,17145300
2024-10-21,409.6487883889798,412.44461909285747,407.31564977599334,412.2674255371094,14206100
2024-10-22,411.9819175179694,423.8838984262341,411.53893363879695,420.8616638183594,25482200
2024-10-23,424.1595150969288,424.3760949935698,415.95907136722593,417.99688720703125,19654400
2024-10-24,418.7155536346828,419.35546932603506,415.83112614516494,418.1249084472656,13581600
2024-10-25,420.1233311665373,425.7937351729216,419.9362835126177,421.49169921875,16899100
2024-10-28,424.9471560845272,425.222800536086,419.67049509941035,419.95599365234375,14882400
2024-10-29,421.34405104712135,426.4336641349943,419.1782518516455,425.2326354980469,17644100
2024-10-30,430.6372663836306,431.68077966192817,425.3803136298507,425.8036193847656,29749100
2024-10-31,408.90056227484143,409.6881391925744,399.981460227055,400.03070068359375,53971000
2024-11-01,402.6493843637014,409.0384470027673,401.162857168779,403.98822021484375,24230400
2024-11-04,403.42706781751014,404.0374512515174,399.26286901744754,402.10791015625,19672300
2024-11-05,402.0192756499378,408.4477238969609,401.7337771398714,405.06121826171875,17626000
2024-11-06,406.00632872643234,413.91145024796907,404.1358522419557,413.6456298828125,26681800
2024-11-07,414.7285393416903,420.2119257079772,413.35031719618456,418.8139953613281,19901800
2024-11-08,418.70569909892066,419.8673412736044,415.22074253188157,415.96893310546875,16891400
2024-11-11,415.94927334689254,418.20366938728347,409.5306783384117,411.5094299316406,24503300
2024-11-12,411.7456911405818,417.8394313280264,410.7120319666306,416.45135498046875,19401200
2024-11-13,415.0829808583345,422.6533640239858,411.7062988498683,418.5876159667969,21502200
2024-11-14,418.39068982634956,421.51140536702854,413.4684464166278,420.2513122558594,30246900
2024-11-15,413.2912534776132,416.2248913266483,407.2073678244848,408.54620361328125,28247600
2024-11-18,408.41825976061074,411.8933627455597,405.6913474607701,409.29443359375,24727000
2024-11-19,406.6855735772408,411.4404774532615,405.149836063281,411.2928161621094,18133500
2024-11-20,410.38716964975555,410.8006513678973,404.19497823742415,409.02862548828125,19191700
2024-11-21,413.80287334750346,414.07906953202513,404.717960528392,407.2629089355469,20780200
2024-11-22,405.7832472742104,411.73135363774225,405.4774597411712,411.3367919921875,24814600
2024-11-25,412.69804256956826,415.36135617252853,409.2159842267064,413.10247802734375,27691100
2024-11-26,413.8916059444426,423.21327891734404,413.16166540924917,422.1775207519531,23458900
2024-11-27,419.33665679394954,421.42789081016514,416.28862504102557,417.2454528808594,18332400
2024-11-29,414.384847961252,419.10980447039015,412.1259395107062,417.7090759277344,16271900
2024-12-02,415.84474493949193,427.1195090506518,415.58826631722377,425.126953125,20207200
2024-12-03,424.00241788094525,426.5967051479557,421.93093157664276,425.3439636230469,18302000
2024-12-04,427.1491277367897,433.69896602336337,426.7545660563865,431.4795227050781,26009400
2024-12-05,431.97270407918,438.6211597736825,430.2464705000807,436.6088562011719,21697800
2024-12-06,436.2931878578621,440.04159877439776,435.7703869006791,437.54595947265625,18821000
2024-12-09,436.5891705079944,442.2413336019405,434.51768404131514,439.96270751953125,19144400
2024-12-10,438.3548667232301,443.5138201555157,435.60274857576576,437.3092346191406,18469500
2024-12-11,438.019420871054,444.2338797106506,438.019420871054,442.892333984375,19200200
2024-12-12,443.01071967285327,449.96499320791463,443.01071967285327,443.4546203613281,20834800
2024-12-13,442.34983294961415,445.2992167545738,439.5286583553318,441.1957092285156,20177800
2024-12-16,441.1957234184863,446.03904550783295,439.2327587604127,445.4570617675781,23598800
2024-12-17,444.8849575716068,449.1068307764244,443.4645114369834,448.2880859375,22733500
2024-12-18,445.19076476731374,446.50268918818665,431.08495074501275,431.449951171875,24444500
2024-12-19,435.6224481744677,437.1612597390131,430.39443838506674,431.09478759765625,22963700
2024-12-20,427.2280306144627,437.71367214918683,422.80889160222836,430.670654296875,64263700
2024-12-23,430.80865247777865,431.7062974386003,426.9517503242741,429.3388977050781,19152500
2024-12-24,428.74709084992185,433.6298778354008,428.2933464556966,433.363525390625,7164500
2024-12-26,433.1169536147247,434.9517090842379,430.70024449975995,432.1601257324219,8194200
2024-12-27,428.6978084898888,429.3093836032803,420.5598497453618,424.6830749511719,18117700
2024-12-30,420.27373116896746,421.7434860363438,416.1702239850741,419.0604248046875,13158700
2024-12-31,420.3131993235258,420.93464819489714,414.9470768224156,415.7756652832031,13246500
2025-01-02,419.7509500092328,420.2836247921959,409.21600045312425,412.89532470703125,16896500
2025-01-03,415.3613950253171,418.27134378737713,413.8423310893823,417.6005859375,16662900
2025-01-06,422.1873855590837,428.42156165470556,419.70162020085996,422.0394287109375,20573600
2025-01-07,423.1738138555601,424.80139942668757,415.0851648128758,416.63385009765625,18139100
2025-01-08,417.7090917280971,421.1714329663283,415.81518360520914,418.7941589355469,15054600
2025-01-10,418.86323035141214,418.9421306496922,409.3837252660674,413.2603759765625,20201100
2025-01-13,409.6007014640922,412.8164377086338,406.690782868284,411.52423095703125,17604800
2025-01-14,412.1358238822972,414.03960580749714,405.1421150215387,410.02490234375,16935900
2025-01-15,413.43787278736687,422.3353628905166,412.58953664498,420.5203552246094,19637800
2025-01-16,422.8779150872359,423.6571645662551,418.6264508238549,418.8138427734375,15300000
2025-01-17,428.1947089431654,428.57942688248704,422.3551241092644,423.20343017578125,26197500
2025-01-21,424.3575582513444,425.0480336398343,419.82002384260585,422.6806335449219,26085700
2025-01-22,431.61761238386987,441.1957350447454,430.0788007344463,440.1402893066406,27803800
2025-01-23,435.9973449549396,440.6828367842065,435.504135288701,440.64337158203125,18389300
2025-01-24,439.1143028028469,440.58405753725305,435.40535758498874,438.02923583984375,15549500
2025-01-27,418.2515848986201,429.2896173703644,417.7485015093757,428.6582946777344,35647800
2025-01-28,428.6978201786795,442.29067649663904,425.5215489294809,441.126708984375,23491700
2025-01-29,440.6235877197962,440.81100977301065,434.41900262341227,436.3227844238281,23581400
2025-01-30,413.0827588425547,417.1172097708342,407.54896156269734,409.3540954589844,54586300
2025-01-31,413.2899333042713,414.976701732093,409.27519987674,409.42315673828125,34161900
2025-02-03,406.01014380943144,409.7683985075356,403.1100689884043,405.3393859863281,25679100
2025-02-04,407.08537575034575,408.2986823038951,404.1754268282418,406.76971435546875,20532100
2025-02-05,406.74997908357795,408.2098602907994,404.8264495269334,407.6772155761719,16316700
2025-02-06,408.3775005706175,412.5204727625825,408.3775005706175,410.17279052734375,16309800
2025-02-07,410.8238533335017,412.96436600470287,402.5576561425311,404.18524169921875,22886800
2025-02-10,408.0914590052598,409.8176925215145,405.33937124502273,406.6217041015625,20817900
2025-02-11,404.0767525043344,406.88802298158646,403.74134350470337,405.852294921875,18140600
2025-02-12,401.67976029438313,405.17169274595005,398.8783333348811,403.48492431640625,19121700
2025-02-13,401.4725759938153,405.41825241635894,400.8412533167097,404.9645080566406,23891700
2025-02-14,402.25191655873215,403.35670130819824,400.3678521686821,402.8832092285156,22758500
2025-02-18,402.4590098668831,405.0237056562673,400.9793811541372,404.0767517089844,21423100
2025-02-19,402.34067225656025,409.8473079963777,402.11378500109834,409.1370849609375,24114200
2025-02-20,410.47144681938056,414.4447923675228,407.75335474991726,411.30169677734375,23508700
2025-02-21,412.4976421272199,413.1993956224997,403.15730762956775,403.47357177734375,27524800
2025-02-24,403.7700887978409,404.62009578289485,394.6867174896375,399.3124084472656,26443700
2025-02-25,396.44608593506547,397.25657880262406,392.09714469383994,393.283203125,29387400
2025-02-26,393.3919357776839,398.9170718958632,389.6755530638089,395.09197998046875,19619000
2025-02-27,396.61410618114576,401.03224256641477,387.6197164134029,387.97552490234375,21127400
2025-02-28,388.1040123360274,393.0163471729864,382.0846775634414,392.3837585449219,32845700
2025-03-03,394.1925506012372,394.1925506012372,381.6794393165997,383.9823913574219,23007700
2025-03-04,378.9514121108331,388.02488953137174,376.5792652913011,384.1009521484375,29342900
2025-03-05,384.822503579622,397.0094560898268,384.2986543499986,396.3669738769531,23433100
2025-03-06,389.70524080724994,397.48392182528505,388.1237992789094,392.28497314453125,23304600
2025-03-07,387.76792604607476,390.21913135054257,381.0665954583891,388.7464294433594,22034100
2025-03-10,381.3631114017718,381.9166113327009,372.8431337183802,375.7490234375,32840100
2025-03-11,374.6025176419591,381.5212976511773,372.53677123025375,376.03570556640625,30380200
2025-03-12,378.5066728711865,380.7503233781215,374.55308456142495,378.82293701171875,24253600
2025-03-13,378.7141993931464,380.84914053983084,373.07046095024094,374.3751220703125,20473000
2025-03-14,375.3734493768336,385.7022111357248,375.10659301872727,384.05157470703125,19952800
2025-03-17,382.2131776873556,388.15342385678485,381.0962841175908,384.1899719238281,22474300
2025-03-18,382.57886557924786,382.87537263830677,376.67813379609476,379.0700378417969,19486900
2025-03-19,381.0567221702146,385.158563988563,379.54447585576617,383.3201599121094,19185500
2025-03-20,381.26431956643484,387.244140619299,378.8328709429988,382.3515625,18470500
2025-03-21,378.77352451177876,387.194656647968,378.3583844724842,386.7202453613281,39675900
2025-03-24,390.812161730141,390.812161730141,385.2870262051097,388.5190734863281,21004500
2025-03-25,389.3493790004213,391.7610400507305,388.08423198363494,390.5749816894531,15775000
2025-03-26,390.4168571879551,390.72325787798576,384.0614710304359,385.4452209472656,16108400
2025-03-27,385.6033351411741,387.6888383797828,382.9050004114053,386.048095703125,13766800
2025-03-28,383.5771397086297,384.6149747790714,372.5565178920864,374.4048156738281,21632000
2025-03-31,368.2174556076631,372.6948931611048,362.97893300010196,371.0343933105469,35184700
2025-04-01,370.302940607575,378.4078083047587,368.8994337189865,377.7554626464844,19689500
2025-04-02,373.5844258095808,380.6119141988697,372.25008378933455,377.7060546875,16092600
2025-04-03,370.4413527847735,373.10014336261634,365.0644702169303,368.78082275390625,30198000
2025-04-04,359.90502676066706,370.2436515761853,355.30898645827625,355.664794921875,49209900
2025-04-07,346.808801297969,366.6953473866903,340.78946619633433,353.7077941894531,50425000
2025-04-08,363.98715955184485,369.31460473132455,346.1861164728992,350.44610595703125,35868900
2025-04-09,349.43788571366844,388.6673652686905,349.0029886182402,385.9591369628906,50199700
2025-04-10,377.6269854135807,379.44563241847453,363.5324334212975,376.92523193359375,38024400
2025-04-11,376.2235219485835,385.5243129890287,374.493826861171,383.9429016113281,23839200
2025-04-14,388.6575350248574,390.07093573374146,379.75206690221165,383.310302734375,19251200
2025-04-15,384.0021677861047,387.3429548173336,379.702634359307,381.2544250488281,17199900
2025-04-16,376.25312290658945,377.1821883945702,363.7301188576812,367.2982177734375,21967800
2025-04-17,369.4133653600013,369.97675886881603,362.6329766642394,363.51263427734375,21120200
2025-04-21,358.6102367890087,360.25097956592975,351.54320368031085,354.9531555175781,20807300
2025-04-22,359.1637542302739,363.5028019496421,355.68457702509073,362.5638427734375,19485000
2025-04-23,371.6965961898571,375.9763723537339,368.69186067990836,370.0459899902344,20545500
2025-04-24,371.3408006891215,383.9428636514652,370.8367085183124,382.8061828613281,22232300
2025-04-25,382.5096738423667,387.60980644654984,380.1375268589871,387.30340576171875,18973200
2025-04-28,387.4121350910717,388.1830836548117,382.15388522315925,386.6214294433594,16579400
2025-04-29,386.75978890275064,390.5157161336794,385.8504804253008,389.468017578125,14974000
2025-04-30,385.771326898526,392.05754733836756,379.97933510918136,390.6737976074219,36461100
2025-05-01,426.107912057234,431.9196925509249,419.9699737520965,420.46417236328125,58938100
2025-05-02,426.7305579775838,434.3412277785372,425.0008630376841,430.2294921875,30757400
2025-05-05,427.84743296236513,434.40051033348516,427.0962415401901,431.1091613769531,20136100
2025-05-06,427.18524232094876,432.65107712392626,426.1671945058241,428.2823486328125,15104200
2025-05-07,428.8061738000786,433.0365119798482,426.10783898687293,428.3218688964844,23295300
2025-05-08,432.84876270467214,438.52218293606853,430.6051120016966,433.08599853515625,23491300
2025-05-09,434.8946881691784,435.6260923106028,430.82249727884243,433.6394348144531,15324200
2025-05-12,440.7657862582039,444.15598092637396,434.6772567640601,444.0472717285156,22821900
2025-05-13,442.5844751269483,445.4409573721911,440.19254074927665,443.9287109375,23618800
2025-05-14,442.940306646518,448.6334536340928,442.940306646518,447.6846008300781,19902800
2025-05-15,446.3576953837484,451.7246558325709,446.0210270484144,448.6946105957031,21992300
2025-05-16,447.62512390200453,449.91251018958565,444.3376444869959,449.8233947753906,23849800
2025-05-19,446.4666664897976,455.0914021356244,446.38743262939596,454.3784484863281,21336500
2025-05-20,451.1305396548173,453.85362179890075,449.87298168888566,453.685302734375,15441800
2025-05-21,450.12052955644793,453.2991005803846,447.38753565613104,448.1401062011719,19216900
2025-05-22,450.4967994491365,455.74490907390424,449.4570590917957,450.40765380859375,18025600
2025-05-23,445.5754438212613,449.2491205375805,444.51591011589574,445.7734680175781,16883500
2025-05-27,452.0118507212909,456.43809825868186,451.6553587930952,456.1806335449219,20974300
2025-05-28,456.7054113344306,457.9926743719098,452.45739496057166,452.8831787109375,17086300
2025-05-29,457.0321797296883,457.2005290082406,450.8532686393741,454.1902770996094,13974800
2025-05-30,455.22010105843367,457.16090743162863,451.081023612945,455.85382080078125,34770500
2025-06-02,452.66535029783114,457.58667299374565,452.41779739511384,457.44805908203125,16626500
2025-06-03,456.95294554827,459.59682380087423,456.3489007620485,458.4382629394531,15743800
2025-06-04,459.4581695952893,461.13162957016016,458.48775137554446,459.3294372558594,14162700
2025-06-05,460.4088263203011,465.0529216385449,459.4879366863286,463.1022033691406,20131700
2025-06-06,465.4885869985769,468.7067748339504,464.19141216551986,465.7757568359375,15285600
2025-06-09,465.10242514198006,468.7958952647425,464.0329796350046,468.12255859375,16469900
2025-06-10,466.57783210788693,468.172058367284,462.38922592870773,466.31048583984375,15375900
2025-06-11,465.4192790589967,470.81594475736864,465.0628173622344,467.99383544921875,16399200
2025-06-12,470.3702965389571,475.7174632765806,468.88497916047487,474.1826171875,18950600
2025-06-13,471.74673205457395,474.48960742449077,468.13246560456287,470.3109130859375,16814500
2025-06-16,470.5584575569121,475.98482813726486,470.3505215770748,474.45001220703125,15626100
2025-06-17,470.7466055851971,474.0539088222925,469.4395189734987,473.36077880859375,15414100
2025-06-18,473.3211811212961,476.291816149254,469.8158233270243,475.53924560546875,17526500
2025-06-20,477.5097592999014,478.7277002496467,472.2022093150259,472.7270202636719,37576200
2025-06-23,473.52910172023695,482.97572926336846,467.8849134818946,481.24285888671875,24864000
2025-06-24,484.16397269221426,487.0355802812341,482.03499358247046,485.3125915527344,22305600
2025-06-25,487.2237477118272,489.71907018583636,484.59969288856837,487.45147705078125,17495100
2025-06-26,488.15456314430565,493.1650318097281,487.98621386300664,492.580810546875,21578900
2025-06-27,492.6797669341534,494.41263722515527,488.20402140418383,491.0855407714844,34539200
2025-06-30,492.17479474651304,495.8583832017286,490.4815111095117,492.5411682128906,28369000
2025-07-01,491.61039147776194,493.1749126279045,486.17413905224953,487.233642578125,19945400
2025-07-02,485.1938116448169,488.66946431331223,483.9164603345879,486.2830505371094,16319600
2025-07-03,488.9764203666982,495.2345653483035,488.6100468852986,493.9571838378906,13984800
2025-07-07,492.51144569917784,493.8680307430937,490.3824968234557,492.8481140136719,13981600
2025-07-08,492.37280697303856,493.3234318678901,489.2734398258723,491.7588806152344,11846600
2025-07-09,495.40288075164045,501.8194631786975,494.8483646402868,498.58148193359375,18659500
2025-07-10,498.12595942487985,499.502368126141,492.8778497571002,496.57135009765625,16492100
2025-07-11,493.59080845907414,500.08659454551145,492.9273533491097,498.3933410644531,16459500
2025-07-14,496.6109349689791,499.0369655948213,496.1257409313552,498.09625244140625,12058800
2025-07-15,498.096285553545,503.32460219529884,497.8685561993719,500.868896484375,14927200
2025-07-16,500.23514183467364,501.760076321519,496.97736708309617,500.67083740234375,15154400
2025-07-17,500.7302212088446,508.34495123446135,500.67081092720053,506.6913146972656,17503100
2025-07-18,509.44409517028413,509.6025628871289,502.46311478523944,505.0574645996094,21209700
2025-07-21,501.7501069031347,507.0774803175347,500.60145783110823,505.06732177734375,14066800
2025-07-22,505.9684679829346,506.1962275502158,500.3242492675781,500.3242492675781,13868600
2025-07-23,501.78975657062705,501.82937349813983,495.7989881406536,500.9183654785156,16396600
2025-07-24,503.7899408054956,508.6419715627398,502.33432855643633,505.8793029785156,16107000
2025-07-25,507.4537274302719,513.2167663968169,505.3643953860848,508.681640625,19125700
2025-07-28,509.0480107678364,509.9589885432546,505.12675096242896,507.48345947265625,14308000
2025-07-29,510.4838436674275,512.5533521818816,506.5526719682665,507.55279541015625,16469200
2025-07-30,510.127348903314,510.89974304598894,504.45345515414937,508.21624755859375,26380400
2025-07-31,549.7951084550788,550.0129864113624,526.6935178159886,528.27783203125,51617300
2025-08-01,529.7632164041114,530.5553736121248,515.7616096000787,518.9797973632812,28977600
2025-08-04,523.0990575737549,532.9813491761439,522.9604134562841,530.3969116210938,25349000
2025-08-05,531.9219176627233,532.0407382325785,522.0792108748774,522.584228515625,19171600
2025-08-06,525.70337986457,526.4955370830186,518.9006307843745,519.8016967773438,21355700
2025-08-07,521.6434435727333,522.9208551796034,512.483986539974,515.7418212890625,16079100
2025-08-08,517.4845698020915,519.524403327164,514.3257923084495,516.9300537109375,15531000
2025-08-11,517.1875615378566,522.4258201385037,514.6327984158801,516.6627807617188,20194400
2025-08-12,518.6233183732385,525.7825288027884,517.5836082950698,524.0595703125,18667000
2025-08-13,526.901545781552,527.4857972911225,514.2862580919234,515.4844360351562,19619200
2025-08-14,517.4449565045493,520.8017882377586,515.0486614235291,517.36572265625,20269100
2025-08-15,517.6529556536844,520.9503168823401,513.9990723038397,515.078369140625,25213300
2025-08-18,516.4844919382945,517.7024328589179,508.9885829187347,512.0383911132812,23760600
2025-08-19,509.9590305231463,510.1174378041072,503.57215290768977,504.78021240234375,21481000
2025-08-20,504.87923949406314,505.9981835608303,499.50239716393804,500.7698669433594,27723000
2025-08-21,499.57962247206007,503.48747238505433,498.6175369804135,500.1251220703125,18443300
2025-08-22,500.13506667774504,506.5621975190336,498.3100856343386,503.09075927734375,24324200
2025-08-25,502.4956437530773,504.04291093011733,500.00611695670057,500.1449890136719,21638600
2025-08-26,500.24412923099453,500.8590951140394,494.44189267773186,497.9430847167969,30835700
2025-08-27,497.9034268047853,503.1502662118434,495.8205578102606,502.604736328125,17277900
2025-08-28,502.95187030654046,506.91922816363694,501.3748491905692,505.4810791015625,18015600
2025-08-29,504.5090702372647,505.44140176386463,500.3730863144936,502.5551452636719,20961600
2025-09-02,496.38587753866574,501.87074834041937,492.75574161607386,500.9979248046875,18128000
2025-09-03,499.6788070917271,503.64616490840893,498.220801883355,501.22607421875,16345100
2025-09-04,500.1846427841772,504.00323087503085,499.0440334241921,503.82470703125,15509500
2025-09-05,504.9157294675595,507.79205789513924,488.35199810583333,490.9605407714844,31994800
2025-09-08,494.0451377441344,497.1099483047291,490.990285532587,494.1344299316406,16771000
2025-09-09,497.33802599365555,498.15134157087306,493.6384843818268,494.3426818847656,14410500
2025-09-10,498.8754600894228,499.1234199731124,492.6665349159027,496.2867431640625,21611800
2025-09-11,498.15138006137016,499.0638857033828,493.8170463660224,496.9215087890625,18881600
2025-09-12,502.5154742767582,508.367321245748,499.73833579713096,505.73895263671875,23624900
2025-09-15,504.63802593930427,511.2634762434591,502.86262476523797,511.1543884277344,17143800
2025-09-16,512.6619733694059,513.0090929577493,504.449544036503,504.8859558105469,19711900
2025-09-17,506.4530809454648,507.11762672901375,501.8013512662406,505.85797119140625,15816600
2025-09-18,507.31595138937655,508.883074673213,503.5172196080818,504.30078125,18913700
2025-09-19,506.3936379963221,515.062306658186,506.1456780893485,513.7034912109375,52474100
2025-09-22,511.3825425873763,513.5149611406991,508.35738375283694,510.2518310546875,20009300
2025-09-23,509.60711582016205,510.3907077578639,503.17008724169204,505.0744323730469,19799600
2025-09-24,506.215041937542,508.29788064425674,502.7832857896144,505.9869079589844,13533700
2025-09-25,504.15198973027213,505.84805701475193,500.9186136455738,502.8923645019531,15786500
2025-09-26,505.8976246789574,509.74596656687834,502.4856945681329,507.28619384765625,16213100
2025-09-29,507.3258348805616,512.6321512651683,504.7272205888506,510.4005126953125,17617800
2025-09-30,509.05168089535164,513.9315141469417,505.5009089039439,513.7232666015625,19728200
2025-10-01,510.5989067561486,516.2623314762835,507.51430077675985,515.4688720703125,22632300
2025-10-02,513.4158303625842,517.343476169315,506.5126054199375,511.53131103515625,21222900
2025-10-03,512.8801529316524,516.2425031799986,510.7973143114264,513.1281127929688,15112300
2025-10-06,514.377848960065,526.6965386672223,513.9712214168786,524.256591796875,21388600
2025-10-07,523.9788048028778,525.4764919541412,517.1847292577561,519.7039794921875,14615200
2025-10-08,519.0097599169904,522.6497936321297,518.8213080060119,520.56689453125,13363400
2025-10-09,518.07745494396,520.0512058016051,513.1777655449532,518.136962890625,18343600
2025-10-10,515.3994727403434,519.3073226434543,505.47115003636685,506.790283203125,24133800
2025-10-13,512.1957986627914,512.1957986627914,507.50441729945595,509.8550720214844,14284200
2025-10-14,506.0662576446326,511.07506506957225,501.87076583985106,509.3789978027344,14684300
2025-10-15,510.75768630195654,512.9694689959882,505.83814063109804,509.2401428222656,14694700
2025-10-16,508.3971133632887,512.6322269089161,503.98341543309897,507.43499755859375,15559600
2025-10-17,504.88601698312937,511.2734358883721,503.17012365144205,509.38897705078125,19867800
2025-10-20,510.41055088987974,514.4672014016805,509.24018745186737,512.57275390625,14665600
2025-10-21,513.2769402267872,514.4572316509175,508.8533142722573,513.4356079101562,15586200
2025-10-22,516.8971212574951,520.9437823737373,513.4851913413816,516.2920532226562,18962700
2025-10-23,518.1964698863214,519.6743010066873,514.3778516149157,516.3119506835938,14023500
2025-10-24,518.5237205252405,521.0628270774097,516.4607380708425,519.3370361328125,15532400
2025-10-27,527.4404441110845,530.2175826339089,524.6930292943027,527.1825561523438,18734700
2025-10-28,545.511702993095,549.2013167264516,536.3570441492753,537.6464233398438,29986700
2025-10-29,540.4929653309738,541.8121286840217,532.3499420595073,537.130615234375,36023000
2025-10-30,526.150935240438,530.6042843733296,517.8591725476514,521.469482421875,41023100
2025-10-31,524.5640198650095,525.0004316167937,510.896444053691,513.5843505859375,34006400
2025-11-03,515.5680119038287,520.676008789008,510.3906395365282,512.8107299804688,22374700
2025-11-04,507.5838081580189,511.342858187808,503.6957838776707,510.1328430175781,20958700
2025-11-05,509.1112106662694,510.6287541811956,502.4460479183387,503.0213317871094,23024300
2025-11-06,501.53353925537283,501.5732213085109,491.7639146320967,493.04339599609375,27406500
2025-11-07,492.89463000746537,495.30479262227396,489.2248119110569,492.76568603515625,24019800
2025-11-10,495.95940345274505,502.7138276367279,494.72950196106785,501.8707580566406,26101500
2025-11-11,500.68055811559174,505.4414057875519,498.2505695472254,504.5289001464844,17980000
2025-11-12,505.203338237195,507.494515261433,495.0469117437556,506.9688415527344,26574900
2025-11-13,506.1455939798088,509.3095642884979,497.1992129195551,499.1828918457031,25273100
2025-11-14,494.1641988801248,507.4250879884235,493.38063720960855,506.01666259765625,28505700
2025-11-17,504.3007594029326,507.9407930820625,500.78963942134817,503.34857177734375,19092800
2025-11-18,491.3275301094218,498.87544447228873,482.8076324047851,489.76043701171875,33815100
2025-11-19,486.1005289347495,491.14898819063853,478.88983663624714,483.14483642578125,23245300
2025-11-20,489.60385435710714,490.45844852333465,472.50235794747454,475.41387939453125,26802500
2025-11-21,475.4834301610789,475.9007957312625,465.3179114267742,469.1436462402344,31769200
2025-11-24,472.0055061050608,473.89352206444323,465.0694984877541,471.0118103027344,34421000
2025-11-25,471.08136597664605,476.12932719889915,461.9592459889855,473.9829406738281,28019800
2025-11-26,483.244222260298,485.23161394332453,478.1664510662567,482.4393310546875,25709100
2025-11-28,484.5260924315005,489.5243812398697,483.5820692635899,488.9082946777344,14386700
2025-12-01,485.3607732415945,486.7718042788117,481.59465771305275,483.6714782714844,23964000
2025-12-02,483.6516286444489,490.38888506208144,483.2541563831954,486.91094970703125,19562700
2025-12-03,473.3171775583083,481.18723109312356,472.2042431453193,474.7182922363281,34615100
2025-12-04,476.7355376297969,478.28570075231454,473.48613274494215,477.8087158203125,22318200
2025-12-05,479.4780948278929,480.35255199911325,475.86105782216015,480.11407470703125,22608700
2025-12-08,481.8331998835391,489.1964595164875,481.32640529111774,487.9245300292969,21965900
2025-12-09,486.016607703579,489.01755801519323,485.42038417588924,488.9181823730469,14696100
2025-12-10,480.9786084159209,481.1972227192708,472.0850182923752,475.5430908203125,35756200
2025-12-11,473.6252433732215,482.96597801292137,472.86007818396723,480.422119140625,24669200
2025-12-12,476.79512068758515,479.40854546431024,473.3370484252935,475.51324462890625,21248100
2025-12-15,477.0733729131614,477.6894594742654,469.5411415575728,471.82666015625,23727700
2025-12-16,468.9350114671635,474.87732355778707,467.911505956298,473.38677978515625,20705600
2025-12-17,473.903466892556,476.9739832708393,472.0055042784347,473.1184387207031,24527200
2025-12-18,475.17538699144035,486.5134594689822,474.8772903878124,480.92889404296875,28573500
2025-12-19,484.2875529363844,484.77448448182145,479.4482594182398,482.8566589355469,70836100
2025-12-22,483.0554234208069,485.64898536737695,479.6470539215635,481.8630065917969,16963000
2025-12-23,481.922585996358,484.75459468390824,481.6840783901604,483.7807922363281,14683600
2025-12-24,482.61817584356095,486.0762481946253,481.77352833631136,484.94342041015625,5855900
2025-12-26,483.64168016456847,485.0427948985028,482.8964083055729,484.6353759765625,8842200
2025-12-29,481.80333660098637,485.27135560420123,481.1276307272214,484.02923583984375,10893400
2025-12-30,482.8665831796088,486.5929423552436,482.4393012721813,484.4068298339844,13944500
2025-12-31,484.7645645601486,485.06269150087525,480.25317705215497,480.5711669921875,15601600
2026-01-02,481.3363251826272,481.6046121327098,467.1960229709088,469.95849609375,25571600
2026-01-05,471.07147364955256,473.06881210295353,466.54022279348425,469.8691101074219,25250300
2026-01-06,470.8130789419108,475.7219388392127,466.7886229022075,475.493408203125,23037700
2026-01-07,476.73551614076564,486.6128550141313,474.936929133209,480.422119140625,25564200
2026-01-08,478.20615894860083,479.61722033317443,472.8600706717694,475.09588623046875,18162600
2026-01-09,471.0714211959582,476.7951186190047,469.2231615927928,476.2585144042969,18491000
2026-01-12,473.6649886945649,477.95773148860775,472.68120923483104,474.1717529296875,23519900
2026-01-13,471.68751939768345,472.7805908527595,463.01257439213845,467.70281982421875,28545800
2026-01-14,463.51933114332076,465.2483824443871,454.2879190598576,456.4839782714844,28184300
2026-01-15,461.1940901109254,461.32327541703046,453.02590941718984,453.7811279296875,23225800
2026-01-16,454.9437362325269,460.26996150673693,453.60227115836847,456.9609375,34246700
2026-01-20,448.3754483517362,453.92025792216236,446.4476759522066,451.6546325683594,26130000
2026-01-21,449.74673993987386,449.836168925793,435.9144806057656,441.31024169921875,37980500
2026-01-22,444.79810039972057,449.9851935867555,441.89652570286836,448.2959289550781,25349400
2026-01-23,449.02131930234236,468.1301005814363,447.6897705604439,463.0125732421875,38000200
2026-01-26,462.3766075757791,471.2602507862521,459.0874767807031,467.3152770996094,29291200
2026-01-27,470.7137217228436,479.82589540353166,470.17711748937944,477.5503234863281,29213900
2026-01-28,480.16374552458444,480.69040309270366,474.9865988275796,478.5937194824219,36875400
2026-01-29,437.2162272399066,439.7104135269112,418.36581575660404,430.76715087890625,128855300
2026-01-30,436.4014165119217,436.8286984461687,423.7616041817895,427.577392578125,58566800
2026-02-02,427.5277051213245,428.0245530606437,419.58808475506504,420.7010192871094,42219900
2026-02-03,419.34957819955315,419.3893041977899,405.9843574339844,408.6176452636719,61424100
2026-02-04,408.40896545860215,417.15347618992746,406.66005118226167,411.578857421875,45012400
2026-02-05,404.87141244319446,405.72597626088844,389.84673704915224,391.188232421875,66289200
2026-02-06,396.6535630940219,399.25704122003975,390.4429643868461,398.61114501953125,53515300
2026-02-09,402.297746078297,412.2744602868579,398.34282592261525,410.9925842285156,45480500
2026-02-10,416.97464756162884,421.0090502850332,410.0982892644293,410.6646728515625,44857900
2026-02-11,413.5563153661985,413.8345489802859,398.4819668946231,401.8207702636719,42491000
2026-02-12,402.4467839094351,403.6392309547976,395.5008602319473,399.30670166015625,40802400
2026-02-13,401.90028127287496,402.98340606348665,395.54060384789733,398.7900085449219,34091600
2026-02-17,396.7032617740463,397.9950542597942,392.04282577248057,394.3581237792969,32078800
2026-02-18,395.62013745533494,400.02220283554806,393.82155037537984,397.08087158203125,23223400
2026-02-19,399.07278661262325,402.7976819572589,395.0690225854118,396.8517761230469,28234000
2026-02-20,394.51123443489973,398.5050592846536,393.56508699389525,395.6267395019531,34015200
2026-02-23,393.4057107487328,393.7642431363039,381.55374731391754,382.918212890625,43238300
2026-02-24,382.58959213032324,387.7884945775691,380.16937672197673,387.4299621582031,33884700
2026-02-25,388.95376053046306,399.84960746436826,388.5852587696308,398.9831237792969,43625500
2026-02-26,403.0765245044552,405.8453028142193,397.1306190557743,400.0986022949219,34405900
2026-02-27,389.30236795593413,395.2183958601928,388.30640407164015,391.15484619140625,51367200
2026-03-02,391.2743390590049,399.57073485574693,389.0533591512552,396.9413757324219,35474900
2026-03-03,391.5532542396072,405.05852201627056,391.0851500003899,402.2996826171875,38199200
2026-03-04,399.6504140582061,409.3710312257941,398.69429724653685,403.5645751953125,35808000
2026-03-05,402.78771732924594,409.9486695143622,402.7677785996419,409.0224304199219,39001300
2026-03-06,407.54843921074234,411.38287590243635,406.8612216895844,407.30938720703125,31123900
2026-03-09,403.2857003455267,408.55432729115563,401.8714182880504,407.757568359375,30131900
2026-03-10,408.37506928692744,408.5443965203919,401.30371964643086,404.122314453125,31706400
2026-03-11,403.9330670994013,407.35918518479474,399.96912002302975,403.245849609375,25512100
2026-03-12,402.99687655683135,404.4808530373378,400.08864860368743,400.238037109375,27263900
2026-03-13,399.3815063856616,403.16615688192843,392.65875035547907,393.9534912109375,26848000
2026-03-16,396.4633374914087,399.01300251860397,393.1965772756644,398.33575439453125,27733700
2026-03-17,398.6544268926901,402.7677623283013,396.1446090107731,397.79791259765625,26228300
2026-03-18,395.5271533612366,396.39363710184665,389.42188971563326,390.2087097167969,25908500
2026-03-19,388.52551763585893,390.90585551603124,385.4977789148814,387.4498596191406,25138800
2026-03-20,385.22889118681917,385.43803509853177,378.58579850034175,380.3287353515625,50853200
2026-03-23,382.3505545919761,385.64719283721575,380.1395134056624,381.4541931152344,29680100
2026-03-24,380.8167328036651,380.9263046350485,370.34917314154325,371.2355651855469,42733600
2026-03-25,375.39872248264555,375.5381416220395,368.13813722010167,369.5424499511719,31181200
2026-03-26,369.3233510512375,373.2076042912997,363.71606927386256,364.492919921875,36836600
2026-03-27,360.43931657918756,360.9871149414508,355.07108715320055,355.33001708984375,37883400
2026-03-30,360.4393055378546,363.8853318939423,354.8419936524484,357.51116943359375,44797000
2026-03-31,363.07862179545566,371.3949263066763,361.6046146993887,368.67596435546875,45244400
2026-04-01,371.98254731341393,372.48052926345224,366.7139201659809,367.8791809082031,29417200
2026-04-02,365.7278929006101,372.1319638369453,362.680245817395,371.9526672363281,24099100
2026-04-06,371.98252335059567,372.22157533941066,368.0086373714944,371.375,16146600
2026-04-07,368.8452727581139,370.9467724245638,365.080530373921,370.78741455078125,21443300
2026-04-08,383.426192668859,383.4461010048471,369.9109552686541,372.81915283203125,33064800
2026-04-09,370.9965632857518,371.99252721403565,365.5685477188417,371.56427001953125,30435300
2026-04-10,371.47463812837884,374.12390583360843,368.5365323725683,369.3731384277344,28111100
2026-04-13,372.10205289266787,382.98796126737693,369.5225100750242,382.8186340332031,35745800
2026-04-14,386.3543213772784,393.09698589720546,384.95994763093,391.5233459472656,37504500
2026-04-15,396.3936283702306,412.69755239260473,395.1287651714373,409.5602722167969,45063400
2026-04-16,418.16537187855886,419.12151906860663,410.4765600541581,418.56378173828125,41642400
2026-04-17,423.10539315661504,429.83808848207923,418.99205736838906,421.0835876464844,48568200
2026-04-20,419.4501847919345,421.6213787702164,414.6197538627068,416.38262939453125,27582200
2026-04-21,418.54386715015573,425.4558591722327,415.51615872358184,422.44805908203125,32048500
2026-04-22,424.4698510786937,431.9495495900464,421.9600330275293,431.1726989746094,29378200
2026-04-23,418.19526527607866,421.9500379562064,409.7494810939023,414.07196044921875,38308000
2026-04-24,415.28707116170386,423.23487407473965,414.12178001797366,422.90618896484375,27457400
2026-04-27,420.6752229306716,425.38611256831246,415.3866572294081,423.1053771972656,30867300
2026-04-28,422.8563830057505,428.1847957314844,420.197146128082,427.5174865722656,30438100
2026-04-29,422.866306449911,425.0972860808559,418.59364353468584,422.7467956542969,38288300
2026-04-30,409.15192465494977,412.74737011555624,396.4035989759817,406.1341552734375,70909400
2026-05-01,411.1338775963461,415.4264794885345,408.7834174283456,412.76727294921875,31372400
2026-05-04,409.87897009526375,419.0816663151199,409.14193618030583,411.9505615234375,28066500
2026-05-05,413.6437352165572,415.09783400354706,407.1500311208482,409.7196350097656,25700900
2026-05-06,406.3532485673598,416.73120520087787,403.4748984673602,412.2891845703125,30285900
2026-05-07,418.41437649189606,426.25263786097554,417.06984955189336,419.07171630859375,34942400
2026-05-08,415.70537649227293,416.9403619714099,412.32904436576047,413.44451904296875,33383800
2026-05-11,406.22377045102496,411.02432350049145,403.86334099070683,410.99444580078125,35657900
2026-05-12,412.8071154720842,413.8229876767416,404.9987623844293,406.1241760253906,38594200
2026-05-13,401.57265715241186,404.6700902960666,399.41140211310335,403.57452392578125,29667100
2026-05-14,402.847493220503,410.1777730080913,399.2620170659624,407.7774963378906,27077500
2026-05-15,412.5979239362014,426.4418454559798,411.2434277199191,420.2170715332031,50771200
2026-05-18,414.93848271907115,423.40417602339767,413.9325494355234,421.83056640625,32564100
2026-05-19,428.16486989475214,430.9535870211983,414.808990493047,415.7352600097656,33018700
2026-05-20,412.49835957243755,420.3963455784958,409.63991780241736,419.36053466796875,27864000
2026-05-21,423.9518891931334,425.5388979071037,414.92886694253497,418.3025207519531,31393500
2026-05-22,418.7517174636334,423.60257118762803,415.54772693408205,417.7835388183594,22390300
2026-05-26,415.6475333356961,418.9812539216563,412.24393696715845,415.248291015625,30398000
2026-05-27,410.23773822181624,415.15846763645,408.8104019854481,411.8946228027344,28901500
2026-05-28,412.2040283766931,428.68298564682067,411.89461329838434,426.18768310546875,47250500
2026-05-29,431.7372486144539,449.48383969057267,431.54760317786213,449.3940124511719,79654400
2026-06-01,463.96658383705716,465.4438139523178,457.40892124774234,459.6546936035156,53628900
2026-06-02,446.0403151791343,452.64787129328397,439.6024225764256,440.48077392578125,37036800
2026-06-03,437.62618910935214,439.56254639446627,423.45285793258154,426.53704833984375,39037000
2026-06-04,434.9911260035114,435.33048350032107,425.60879436274143,427.2456970214844,26899500
2026-06-05,427.5351398188391,428.66302140752947,413.6213308264138,415.8870849609375,34782200
2026-06-08,413.3618539280056,416.37616844333525,407.79232157753756,410.9663391113281,32086700
2026-06-09,408.26144336727174,411.20591258759293,397.7312786929967,402.6520080566406,35317300
2026-06-10,397.80110870103243,404.2789346443135,396.41373636313654,396.61334228515625,32576000
2026-06-11,394.46741202742857,396.1043451719433,383.278483574852,389.6065673828125,47224100
2026-06-12,390.6945042817559,391.003919361718,381.55171206615995,390.00579833984375,34865800
2026-06-15,396.05442037645633,400.99513175706005,392.11186050588947,399.0088806152344,32266400
2026-06-16,395.0463355104342,396.094350419825,389.9559121071713,393.0899963378906,31506800
2026-06-17,389.51671695343225,389.6364865987809,376.6110198431126,378.1980285644531,41987800
2026-06-18,377.11008548581106,380.6534028700893,372.5786075934489,378.6871032714844,59714200
2026-06-22,375.0339909424311,380.9129385065033,366.3802985575179,366.6497802734375,45171100
2026-06-23,371.6802994138851,376.51120135394876,369.9735210485466,373.23736572265625,40647600
2026-06-24,370.87185096853153,378.16811350773463,364.09460041679364,364.7733154296875,44509900
2026-06-25,362.0883479855026,363.5456265920902,348.54386902384044,352.1670227050781,66179000
2026-06-26,356.4789138154501,375.90234020580533,354.762144454129,372.2691955566406,186201600
2026-06-29,376.790685328561,379.7850483907747,359.2237492715265,367.8774719238281,51229900
2026-06-30,370.3328407149792,373.44697342275583,366.7595808670141,372.319091796875,44945700
2026-07-01,380.1144231011508,388.09939143880604,374.18561213385976,383.5579528808594,48065800
2026-07-02,383.7575696594082,391.4630649298244,382.97903650468743,389.7562561035156,42128900
2026-07-06,386.31276024010407,388.418780928489,380.5036887115837,386.0133056640625,34224500
2026-07-07,391.75251064257776,394.8267404517197,387.4905448392632,388.109375,29297500
2026-07-08,383.3084264217563,384.58602015004215,380.6134873969759,382.6197204589844,25908300
2026-07-09,373.74643420118315,383.92725049460796,372.64849496928053,383.6377868652344,31083200
2026-07-10,387.07131223677504,391.1736053926777,380.783162110783,384.37640380859375,24644600
2026-07-13,387.02143811329415,392.91034623109437,383.4281962321871,390.2553405761719,28914900
2026-07-14,382.1007052927433,387.46061042423804,377.93852713765,384.20672607421875,27863900
2026-07-15,387.07132248997675,398.2103568181361,385.6739591427675,394.8866271972656,36253700
2026-07-16,397.56157784187184,405.2271399033625,391.31333055964967,400.3463439941406,37047400
2026-07-17,394.1180409920291,397.64143734197864,388.6583483977542,393.08001708984375,33049800
2026-07-20,390.67455694621333,402.4224305318551,388.91785418191677,401.53411865234375,27915800
2026-07-21,398.0606303262699,400.7156358198418,395.57531880381754,397.00262451171875,24126600
2026-07-22,398.8291961465565,400.246541441447,386.2329133568751,389.6065673828125,28142500
2026-07-23,389.23725659651495,391.04385321150613,376.68090752842744,380.8630065917969,30351800
2026-07-24,386.32274187573427,388.29903252889795,379.9347732203772,380.9828186035156,27659400
2026-07-27,389.3470355932277,393.45931979821836,387.2609663085435,388.368896484375,27856200
2026-07-28,392.4212554523594,399.56780545733704,390.5647345556998,392.61090087890625,32367500
2026-07-29,392.6607942930367,400.4960502148319,388.00954678983055,389.8061828613281,47209000
2026-07-30,437.07720086969465,457.8281459885008,431.6274684759506,450.2524108886719,110160700
2026-07-31,449.1544591210436,465.962813447145,448.4857046349594,463.8468017578125,60846000
2026-08-03,475.2353605631651,490.7261876465455,474.10747895013026,486.73370361328125,66762100
2026-08-04,479.99640781848416,498.50158065157444,478.2696778930625,491.884033203125,50455500
2026-08-05,495.42733843271316,497.3038108374591,484.7674131728324,486.5440673828125,33388900
2026-08-06,487.6319998350186,500.61756372489685,487.60205742358346,498.9207458496094,36441500
2026-08-07,498.2719734340298,504.23075699317457,497.79289485093346,499.0505065917969,28846200
2026-08-10,502.4940586092805,512.7647021753171,501.32624359045303,505.109130859375,31206100
2026-08-11,503.3823542433026,504.38047525067043,498.61133704649393,502.86334228515625,23049800
2026-08-12,499.0505227551261,500.557695253814,490.59643643442394,491.5047302246094,29001500
2026-08-13,492.34314786956145,500.3979918654044,492.0836571155829,495.9463806152344,23039000
2026-08-14,495.42733437790497,499.07050046550256,492.991947114923,494.4691467285156,16217600
2026-08-17,489.21906226283284,491.73431632358415,477.51109147171053,479.44744873046875,29635800
2026-08-18,480.6352093836093,483.36006030134655,476.2534434403709,480.72503662109375,24087600
2026-08-19,479.16797047398614,488.3806080919379,478.4592826108848,483.3999938964844,19961900
2026-08-20,483.29998779296875,484.1600036621094,479.5,481.1499938964844,20020800
2026-08-21,479.8800048828125,486.3599853515625,478.5299987792969,483.239990234375,22510800
2026-08-24,483.2099914550781,490.6099853515625,481.8599853515625,487.30999755859375,17230800
2026-08-25,485.44000244140625,492.44000244140625,484.29998779296875,491.7099914550781,19519000
2026-08-26,487.8500061035156,497.3999938964844,487.30999755859375,496.3699951171875,20758900
2026-08-27,494.8800048828125,506.4800109863281,490.0799865722656,505.05999755859375,28688800
2026-08-28,505.3299865722656,517.780029296875,504.8699951171875,513.530029296875,29207300
2026-08-31,510.3800048828125,512.1900024414062,506.3900146484375,507.2900085449219,27208900
2026-09-01,497.5199890136719,505.9700012207031,496.7799987792969,501.0199890136719,21046900
2026-09-02,499.8500061035156,500.2699890136719,493.80999755859375,496.82000732421875,15336100
2026-09-03,501.6600036621094,515.6500244140625,500.79998779296875,510.1199951171875,24125900
2026-09-04,510.0,511.0,499.3599853515625,499.70001220703125,18101800
2026-09-08,493.010009765625,495.19000244140625,490.1499938964844,493.95001220703125,18882300
2026-09-09,493.07000732421875,494.3900146484375,489.79998779296875,491.6499938964844,12889600
2026-09-10,488.32000732421875,494.5199890136719,486.0,492.44000244140625,16038800
2026-09-11,495.6499938964844,498.9700012207031,492.5799865722656,495.6300048828125,14510500
2026-09-14,497.05999755859375,509.95001220703125,495.3399963378906,505.4100036621094,23091900
2026-09-15,500.05999755859375,505.8999938964844,495.5400085449219,497.1199951171875,17794600
2026-09-16,493.0299987792969,495.9700012207031,487.2300109863281,490.29998779296875,16670300
2026-09-17,497.79998779296875,501.4700012207031,493.1700134277344,497.75,17841600
2026-09-18,497.9700012207031,498.6499938964844,491.1000061035156,493.7799987792969,39622300
2026-09-21,494.95001220703125,501.8699951171875,491.3299865722656,501.6099853515625,27959900
2026-09-22,507.32000732421875,508.5,493.6499938964844,498.0,21652800
2026-09-23,500.760009765625,509.44000244140625,495.8800048828125,500.5899963378906,19445600
2026-09-24,495.07000732421875,498.8999938964844,491.2200012207031,497.92999267578125,16657600
2026-09-25,499.0400085449219,519.4000244140625,497.25,516.1699829101562,38193100
2026-09-28,505.4700012207031,513.3300170898438,502.2200012207031,509.2200012207031,19626900
2026-09-29,508.30999755859375,513.6400146484375,502.3999938964844,508.9599914550781,21341800
2026-09-30,511.6099853515625,519.8300170898438,510.30999755859375,512.9000244140625,27223300
2026-10-01,519.8800048828125,522.8499755859375,512.1699829101562,512.7999877929688,19731900
2026-10-02,519.3900146484375,522.5,513.6599731445312,517.530029296875,17803300
