Date,Open,High,Low,Close,Volume
2021-10-06,136.035013031244,138.64900052233625,134.96209883237336,138.50270080566406,83221100
2021-10-07,139.53660933038944,140.66804355787346,139.2049866756737,139.7609405517578,61732700
2021-10-08,140.48271316225515,140.62901288949595,139.04891630336158,139.3805389404297,58773200
2021-10-11,138.76609164312617,141.24352842200915,138.3174142557923,139.29278564453125,64452200
2021-10-12,139.7024045703548,139.72191616043952,137.56633938704366,138.02476501464844,73035900
2021-10-13,137.76141892529833,137.91746698955632,135.77165355544514,137.43954467773438,78762700
2021-10-14,138.61000380183043,140.33641501765865,138.02477512030043,140.2193603515625,69907100
2021-10-15,140.22909633879294,141.33125547588753,139.97549034735292,141.27273559570312,67940300
2021-10-18,139.91698682828363,143.22349439217342,139.63413574665708,142.94064331054688,85589200
2021-10-19,143.38926191763494,145.4960665052295,142.94059966543003,145.09616088867188,76378900
2021-10-20,145.037656955219,146.0617994269622,144.47194001956103,145.5838623046875,58418800
2021-10-21,145.1449650896746,145.9545248556128,144.22811391179323,145.7984619140625,61421000
2021-10-22,146.00329463249273,146.48121692115393,144.97915205496275,145.02792358398438,58883400
2021-10-25,145.0181495258691,145.69115788039105,143.98425867288518,144.97914123535156,50720600
2021-10-26,145.6521586308098,147.12496353769075,145.34003275537546,145.6424102783203,60893400
2021-10-27,145.68143968000115,146.04232225315448,144.83287151805337,145.1840057373047,56094900
2021-10-28,146.13012235133445,149.39760698679012,146.0325792767904,148.81239318847656,100077900
2021-10-29,143.59412144965486,146.24713179057537,142.80407331191392,146.11058044433594,124953200
2021-11-01,145.3205654883688,146.01307072992742,144.1598713388164,145.2913055419922,74588300
2021-11-02,144.9986596105235,147.83699285465968,144.98889637520205,146.32516479492188,69122000
2021-11-03,146.68602771699076,148.2271155108839,146.13007404821352,147.75894165039062,54511500
2021-11-04,147.8467909036605,148.67584762072252,146.92993945409776,147.2420654296875,60394600
2021-11-05,148.36530013348636,148.66810401133364,146.57776460119138,147.7694549560547,65463900
2021-11-08,147.8964665160418,148.0527572213007,146.67547332752292,146.948974609375,55020900
2021-11-09,146.7145337755314,147.91598686060686,146.57778313905698,147.3103790283203,56787900
2021-11-10,146.53876287411308,146.64621090035791,144.4191199061072,144.48748779296875,65187100
2021-11-11,145.50333134171993,145.96241109507744,144.25302053135974,144.43861389160156,41000000
2021-11-12,144.98566310982142,146.90995029842682,144.05771091491658,146.5094757080078,63804000
2021-11-15,146.88062009926887,148.35558969382197,145.96243066007273,146.5192108154297,59222800
2021-11-16,146.4606021824879,147.97463697406297,145.87451939068316,147.49600219726562,59256200
2021-11-17,147.4960285297294,151.40320809343083,147.48626594651472,149.92825317382812,88807000
2021-11-18,150.14311888912806,154.98801222203343,149.49843081431837,154.20657348632812,137827700
2021-11-19,153.9916581394781,157.28346597858675,152.89765298958213,156.82437133789062,117305600
2021-11-22,157.9281509208038,161.8548695638248,157.26393771700205,157.28347778320312,117467900
2021-11-23,157.38118037733318,158.04540862120066,155.36898538496055,157.66445922851562,96041900
2021-11-24,157.0197711747025,158.37751541168896,155.9355283016625,158.18215942382812,69463600
2021-11-26,155.86710492688786,156.72667394842426,152.73158803573577,153.171142578125,76959800
2021-11-29,155.67176964553224,157.44954318891868,155.10522691977297,156.52159118652344,88748200
2021-11-30,156.2773947152438,161.67906839694083,156.2090119296681,161.46417236328125,174048100
2021-12-01,163.5935775451036,166.34814584365344,160.71203606659066,160.94647216796875,152052500
2021-12-02,155.0564158714864,160.38970726884503,154.1382263513205,159.9599151611328,136739200
2021-12-03,160.21384675586103,161.1320360204304,156.01362719703414,158.0844268798828,118023100
2021-12-06,160.47759138079394,163.98429560873123,160.4678287996897,161.48370361328125,107497000
2021-12-07,165.15644279486372,167.598429443289,164.4336093812365,167.20770263671875,120405400
2021-12-08,168.13567063026588,171.87679598965886,166.7388465074218,171.0172119140625,116998900
2021-12-09,170.85114615502485,172.64844463234323,169.8841141404718,170.50926208496094,108923700
2021-12-10,171.14424203320462,175.46167372903042,170.63630450878176,175.2858428955078,115402700
2021-12-13,176.91705651666257,177.90362873179458,171.45677755961725,171.6619110107422,153237000
2021-12-14,171.18327152968024,173.6154957034132,168.21382219359762,170.2846221923828,139380400
2021-12-15,171.0465102933484,175.33463817394934,168.31148231582245,175.1392822265625,131063300
2021-12-16,175.11970485668968,176.93654309930375,166.7876495307785,168.26260375976562,150185800
2021-12-17,165.98668171971096,169.44454258569772,165.75226057944147,167.16860961914062,195432700
2021-12-20,164.37502357405398,166.6216545378973,163.5740596088574,165.8109130859375,107499100
2021-12-21,167.57889907243998,169.18084181030284,165.1955175809284,168.97572326660156,91185900
2021-12-22,169.02452194022183,171.7790897184107,168.15517538914062,171.56419372558594,92135300
2021-12-23,171.76934702247985,172.74614168304623,171.2028043307869,172.18936157226562,68356600
2021-12-27,172.9805656257053,176.2332936859138,172.96104046356876,176.1453857421875,74919600
2021-12-28,175.97936879820426,177.12221701690328,174.38718837755263,175.12954711914062,79144300
2021-12-29,175.16861028282216,176.43844648209003,174.00622210590865,175.2174530029297,62348900
2021-12-30,175.30535282655248,176.379833000267,173.95737131856603,174.0648193359375,59773000
2021-12-31,173.95733955389892,175.07088475573076,173.14659828081136,173.4494171142578,64062300
2022-01-03,173.70342746939005,178.63624437198777,173.5862168585795,177.7864227294922,104487900
2022-01-04,178.39199939810527,178.69480333397306,174.96344087400894,175.5299835205078,99310400
2022-01-05,175.44210103848545,175.9891036993743,170.58743006603996,170.86093139648438,94537600
2022-01-06,168.6924048932337,171.2320765208515,167.65700512195446,168.00865173339844,96904000
2022-01-07,168.8780217142409,170.09901499255682,167.06118311991872,168.1747283935547,86709100
2022-01-10,165.1564129469489,168.4970482896935,164.26752639043735,168.19424438476562,106765600
2022-01-11,168.32126400156088,171.1148824378415,166.85607200254188,171.0172119140625,76138300
2022-01-12,172.03304652412405,173.06844633316717,170.76322556870227,171.4567413330078,74805200
2022-01-13,171.7009330010287,172.52143678948505,167.80351764880953,168.19424438476562,84505800
2022-01-14,167.36402819909668,169.74741004885496,167.11982948341992,169.05389404296875,80440800
2022-01-18,167.53005178287384,168.53614912039677,165.47879187832885,165.8597412109375,90956700
2022-01-19,166.05509393247632,167.1100339648471,162.08930995625335,162.37257385253906,94815000
2022-01-20,163.10517370877471,165.74251639966073,160.3701455866801,160.69248962402344,91420500
2022-01-21,160.60460283678086,162.47028452383861,158.5338025837486,158.64125061035156,122848900
2022-01-24,156.30667494751387,158.53376542721094,151.11012055841888,157.86953735351562,162294600
2022-01-25,155.29081165334586,158.98309429431202,153.37630245676536,156.07225036621094,115798400
2022-01-26,159.70594544292626,160.57529219502064,154.15775828454986,155.98435974121094,108275300
2022-01-27,158.68028043462846,160.03802433796415,154.60704872462142,155.52523803710938,121954600
2022-01-28,161.86463986114418,166.39696621279427,159.02216399560837,166.37742614746094,179935700
2022-01-31,166.2113952349244,170.93907816240107,165.57646971606974,170.72418212890625,115541600
2022-02-01,169.9720531603827,170.7827946109015,168.3115050264779,170.55813598632812,86213900
2022-02-02,170.69484950775998,171.79863213102016,169.30780301992357,171.75955200195312,84914300
2022-02-03,170.4311395793071,172.15030783567607,168.125903430298,168.88780212402344,89418100
2022-02-04,167.9097269846018,170.27659447810953,166.9316879925936,168.60414123535156,82465400
2022-02-07,169.06382633955357,170.129885294368,167.19576822143142,167.8901824951172,77251200
2022-02-08,167.9586430232075,171.49915455646115,167.6652283214683,170.99057006835938,74829200
2022-02-09,172.18377712176584,172.77059159545334,171.05902326407136,172.40872192382812,71285000
2022-02-10,170.31571564595043,171.62628436106874,167.78259814649985,168.34007263183594,90865900
2022-02-11,168.54550592037077,169.2790353586412,164.34970917619486,164.93653869628906,98670700
2022-02-14,163.6943705402025,165.8558431366665,162.90216139662053,165.1712188720703,86185500
2022-02-15,167.21536820889426,169.15188170406051,166.51117876998032,168.99539184570312,62527400
2022-02-16,168.07605663944543,169.53332561896576,166.3155829464961,168.76068115234375,61177400
2022-02-17,167.27399659697775,168.1346756288642,164.77021933006054,165.1712188720703,69589300
2022-02-18,166.09060878011084,166.7947832093295,162.54032203615824,163.62594604492188,82772700
2022-02-22,161.35690506054718,163.02935867994262,158.58905229899906,160.71141052246094,91162800
2022-02-23,161.904625236065,162.50122982841887,156.24178404281724,156.5547637939453,90009200
2022-02-24,149.2291965620497,159.27366155009665,148.66193213542687,159.16607666015625,141147500
2022-02-25,160.24192254485857,161.4938113988268,157.3371452242796,161.22975158691406,91974200
2022-02-28,159.47907699118204,161.7872502076219,158.8629074909049,161.49383544921875,95056600
2022-03-01,161.08307153976776,162.94135518491746,158.41302839932598,159.6160125732422,83474400
2022-03-02,160.77987821220702,163.68465609606667,159.37149924746353,162.9022216796875,79724800
2022-03-03,164.77026570160976,165.20060533866413,161.91439302006907,162.57945251464844,76678400
2022-03-04,160.87767357199544,161.91439273743828,158.54016047816125,159.58665466308594,83737200
2022-03-07,159.7724722055909,161.3960207362876,155.54733601828758,155.8016357421875,96418800
2022-03-08,155.33216629168248,159.30300237550088,152.37848423515257,153.9824676513672,131148300
2022-03-09,157.9337716080875,159.82139509337992,155.90923815043413,159.37149047851562,91454900
2022-03-10,156.68185579600046,156.86768560681452,152.55452973284972,155.03875732421875,105342000
2022-03-11,155.4397780469511,155.7820977698025,151.1070711319146,151.33201599121094,96970100
2022-03-14,148.12404550887342,150.7354085874783,146.80370143921206,147.31227111816406,108732100
2022-03-15,147.58609577139651,152.1535515492418,147.0775261791108,151.68408203125,92964300
2022-03-16,153.6010832427781,156.48629634693546,151.06796490234913,156.08529663085938,102300200
2022-03-17,155.12679794973494,157.46431103838808,154.16832371335292,157.0926513671875,75615400
2022-03-18,156.98504839102176,160.86786475806085,156.25151907619613,160.37884521484375,123511700
2022-03-21,159.9191797677464,162.69682236043158,159.4301601813594,161.7481231689453,95811400
2022-03-22,161.8752422072329,165.69937857870127,161.2884277154457,165.11256408691406,81532000
2022-03-23,164.30076772924696,168.84864285363813,163.9682231459706,166.47201538085938,98062700
2022-03-24,167.30337650948087,170.31573891650316,166.4720521767643,170.24728393554688,90131400
2022-03-25,170.06147670026667,171.4307257382337,168.95628752581777,170.88302612304688,80546200
2022-03-28,168.38895589226144,171.87077199405616,168.22269106983745,171.74363708496094,90371900
2022-03-29,172.80972386459516,175.0787667230212,172.467404224187,175.02987670898438,100589400
2022-03-30,174.62886654102215,175.6655854938626,172.8194884204446,173.86599731445312,92633200
2022-03-31,173.9345145849757,174.12034444944086,170.57005683003788,170.77545166015625,103049300
2022-04-01,170.208175340956,171.0395147015426,168.1640768197994,170.48202514648438,78751300
2022-04-04,170.73627975953104,174.57019094673097,170.60912991069844,174.5212860107422,76468400
2022-04-05,173.60196376939686,174.38439814013864,170.58960114244232,171.21554565429688,73401800
2022-04-06,168.57486295748595,169.8169771105806,166.39383938569154,168.05650329589844,89058800
2022-04-07,167.40120586506256,169.5528892849942,166.11997680279987,168.35968017578125,77594700
2022-04-08,168.00757925318007,168.00757925318007,165.48423622614246,166.3546905517578,76575500
2022-04-11,165.00498773482366,165.31795249524248,161.8654755697351,162.1099853515625,72246700
2022-04-12,164.33013728303388,166.13950070260202,162.9804385205217,163.97804260253906,79265200
2022-04-13,163.7139749230824,167.28381189911025,163.10759541750994,166.65786743164062,70618900
2022-04-14,166.87306177033577,167.5087962740481,161.41560064690395,161.6601104736328,75329400
2022-04-18,160.3201618914843,162.94131434841603,159.97785717263437,161.44491577148438,69023900
2022-04-19,161.3960167105301,164.13452917950872,160.31039271090148,163.72373962402344,67723800
2022-04-20,165.05387853639598,165.17125338034182,162.45230578739907,163.55747985839844,67929800
2022-04-21,165.2006123983915,167.76307044383682,162.26649466439048,162.76528930664062,87227800
2022-04-22,162.80440987833427,164.18343379206294,157.95332893712188,158.23695373535156,84882400
2022-04-25,157.5816809008669,159.58666436994497,154.98010780953732,159.30303955078125,96046400
2022-04-26,158.68687865808295,158.77489861463468,153.27832244686797,153.3565673828125,95623200
2022-04-27,152.48609759207858,156.2808795981602,151.967738002025,153.13160705566406,88063200
2022-04-28,155.75271956865106,160.906989569117,155.43973990755873,160.0463104248047,130216800
2022-04-29,158.28582131341926,162.5500717654253,153.79662607980254,154.18783569335938,131747600
2022-05-02,153.26850950984627,154.75511815394006,149.9040527150275,154.49105834960938,123055300
2022-05-03,154.67686742533908,157.18065989099466,152.88706912402677,155.9776611328125,88966500
2022-05-04,156.16347041168282,162.82391297722876,155.7624708783281,162.3740234375,108256500
2022-05-05,160.25174474333807,160.47668960295778,151.5471860479713,153.3272247314453,130525300
2022-05-06,152.8080631040653,156.16767394547392,151.0156200226824,154.052001953125,116124600
2022-05-09,151.75023984870148,152.63177739233632,148.38085428930862,148.93914794921875,131577900
2022-05-10,152.32811702969943,153.52307898712107,149.7912627423493,151.33883666992188,115366700
2022-05-11,150.3495886480442,152.25956414663153,142.81741468212965,143.49325561523438,142689800
2022-05-12,139.83979077150929,143.19938623116693,135.95126990961808,139.63409423828125,182602000
2022-05-13,141.62245981596948,145.0604308345469,140.17283922837782,144.0907440185547,113990900
2022-05-16,142.56275232444813,144.49232147743598,141.22085987637433,142.55294799804688,86643800
2022-05-17,145.80481151470883,146.69613834453236,143.66954586445135,146.17701721191406,78336300
2022-05-18,143.8360642275501,144.33559163369299,137.02869370903522,137.92982482910156,109742900
2022-05-19,137.00914057415054,138.75260707730666,133.7964597180681,134.53106689453125,136095600
2022-05-20,136.2353120090451,137.8122689524701,129.88831177177445,134.76609802246094,137426100
2022-05-23,134.96201586760006,140.31975175202894,134.82488980062982,140.17283630371094,117726300
2022-05-24,137.92003986063096,139.05623582746938,134.51146690573626,137.47927856445312,104132700
2022-05-25,135.58886991195646,138.87991021944293,135.50072064953915,137.635986328125,92482700
2022-05-26,134.57021942674126,141.37757526410218,134.32535040420584,140.82907104492188,90601500
2022-05-27,142.4060433122878,146.6079896103765,142.27870662441157,146.56881713867188,90978500
2022-05-31,146.01052282850958,147.56788638378129,143.82628016379354,145.7852325439453,103718400
2022-06-01,146.8234773391278,148.62572491730577,144.6490389655957,145.6579132080078,74286600
2022-06-02,144.79596367082308,148.16536407915592,143.8458705924634,148.10659790039062,72348100
2022-06-03,143.88504856420633,144.93309527765794,141.49513917786348,142.39625549316406,88570300
2022-06-06,144.01237341190438,145.52077501341512,141.92608448379778,143.14064025878906,71598400
2022-06-07,141.3873963509184,145.94195473174813,141.14252729935507,145.6579132080078,67808200
2022-06-08,145.53057980516448,146.7940975636926,144.43357121198528,144.92330932617188,53950200
2022-06-09,144.06133943857793,144.91347882072873,139.60472041542363,139.71246337890625,69473000
2022-06-10,137.40092646925825,137.87107088214006,134.24701176433422,134.31558227539062,91437900
2022-06-13,130.1429810735186,132.4251621177248,128.74233746263164,129.17330932617188,122207100
2022-06-14,130.39766413988795,131.1420606306549,128.7815195311164,130.03524780273438,84784300
2022-06-15,131.5338494146611,134.52125474775525,129.4475753177957,132.65045166015625,91533000
2022-06-16,129.36921686332983,129.67285209068328,126.39160087860697,127.39067077636719,108123900
2022-06-17,127.40045357119396,130.3486710219844,127.14578023984714,128.85986328125,134520300
2022-06-21,130.68170729877417,134.24699991857628,130.58376865027734,133.0814208984375,81000500
2022-06-22,132.0235786011109,134.93262385029735,131.16164978530637,132.5720977783203,73409200
2022-06-23,134.01190702274286,135.74556869818326,132.8463282477274,135.43214416503906,72433800
2022-06-24,137.0287064173905,138.99746302987265,136.90138468183136,138.75259399414062,89116800
2022-06-27,139.7712426067131,140.5450371291734,138.0767530642211,138.75259399414062,70207900
2022-06-28,139.21294709984699,140.47646473111445,134.50166930718802,134.61920166015625,67083400
2022-06-29,134.63881999394516,137.78293057588337,133.86502534038587,136.3724822998047,66242400
2022-06-30,134.43309207438057,135.5301005021527,131.02451949836083,133.91397094726562,98964500
2022-07-01,133.24794276909347,136.1863715256026,132.87575195629162,136.07862854003906,71051600
2022-07-05,134.94240992218974,138.70359409768392,134.1196387404863,138.6546173095703,73353800
2022-07-06,138.44895512148898,141.16209320483665,138.18449238511542,139.98672485351562,74064300
2022-07-07,140.34911940865916,143.54222096010838,140.33933002838788,143.34632873535156,66253700
2022-07-08,142.27870461467543,144.5217134378149,142.02404618814074,144.0221710205078,64547800
2022-07-11,142.68029721118097,143.63039032716094,140.8290877786715,141.89671325683594,63141600
2022-07-12,142.76844044820817,145.40323372369386,142.07302074051665,142.86639404296875,77588800
2022-07-13,140.05527730810053,143.4442558667998,139.20312303306522,142.50396728515625,71185600
2022-07-14,141.12290665908233,145.89295009063997,140.30993976956114,145.4228057861328,78140700
2022-07-15,146.70592606919652,147.7637620290884,145.15835206929646,147.08792114257812,76259900
2022-07-18,147.64625063740658,148.4592176926782,143.68915834296686,144.05157470703125,81420900
2022-07-19,144.88412086859606,148.1261847699647,143.89485526545627,147.90090942382812,82982400
2022-07-20,148.01844006316782,150.56508418725386,147.28383290571463,149.89903259277344,64823400
2022-07-21,151.3290452388946,152.3770917552224,148.82158901652633,152.16160583496094,65086600
2022-07-22,152.20084311054111,153.07257654257938,150.2614839479798,150.92752075195312,66675400
2022-07-25,150.849124954379,151.85798424989775,149.1546353044719,149.81088256835938,53623900
2022-07-26,149.13504463438227,149.94801169458665,147.70501771546552,148.4886016845703,55138700
2022-07-27,149.44852536372625,154.1010387138291,149.0371470294027,153.57211303710938,78620700
2022-07-28,153.75814339733685,154.4046011657363,151.24089776552904,154.1205596923828,81378700
2022-07-29,157.93072824104914,160.2716754702952,156.22643448443253,159.17465209960938,101786900
2022-08-01,157.70543713439505,160.23248719622674,157.58790478823227,158.19517517089844,67829400
2022-08-02,156.81414688340993,159.07673453265352,156.35379186998745,156.72598266601562,59907000
2022-08-03,157.53893055181024,163.1709180629882,157.45078129075776,162.72036743164062,82507500
2022-08-04,162.60282888470158,163.75861850349844,161.05525478751719,162.4069366455078,55474100
2022-08-05,160.08234575425365,162.67175374212067,159.87636348602825,162.18133544921875,56697000
2022-08-08,163.18179581085533,164.59420304327227,161.05338198319762,161.71054077148438,60276900
2022-08-09,160.87685067478762,162.64235984823435,160.12160217379457,161.7595977783203,63135500
2022-08-10,164.46669306704544,166.09488560468589,163.70164162721542,165.99681091308594,70170500
2022-08-11,166.80107516257124,167.713261012407,164.9669154508603,165.26116943359375,57149200
2022-08-12,166.56566536252754,168.8706222095757,166.15370085284405,168.80197143554688,68039400
2022-08-15,168.2331135298216,170.06727335382837,168.0663730882192,169.87110900878906,54091700
2022-08-16,169.46896318920653,170.38114909928223,168.3704308785935,169.71417236328125,56377100
2022-08-17,169.45912928634104,172.77434653771422,169.26296497615442,171.20501708984375,79542000
2022-08-18,170.4203392392983,171.54829521030254,169.80240746461445,170.8126678466797,62290100
2022-08-19,169.7141510996703,170.41055165199725,168.02711099609633,168.23309326171875,70346300
2022-08-22,166.43817940694694,166.6049198473659,163.9370428679026,164.3588104248047,69026800
2022-08-23,163.87819481513557,165.47696339789675,163.4564272588674,164.0253143310547,54147100
2022-08-24,164.1135517824602,164.88840594452304,163.06404966242673,164.31951904296875,53841500
2022-08-25,165.5456215718219,166.87956011908489,165.1238689631101,166.77166748046875,51218200
2022-08-26,167.30132415112922,167.77212157949262,160.42564926256463,160.4844970703125,78961000
2022-08-29,158.06179612101135,159.7782599974509,156.75729674532928,158.2873992919922,73314000
2022-08-30,159.02307224651202,159.4448248788866,154.69757844618866,155.86477661132812,77906200
2022-08-31,157.23798192828778,157.50281211704913,154.1287303382917,154.2071990966797,87991100
2022-09-01,153.6382716729597,155.38415993328115,151.70602203096658,154.9329833984375,74229900
2022-09-02,156.68862526348613,157.2869361057138,152.00022815870258,152.82412719726562,76957800
2022-09-06,153.4715206737186,154.07963464254792,150.7447958267751,151.56869506835938,73714800
2022-09-07,151.85314497915547,153.6676838931478,150.66632598771957,152.97129821777344,87449600
2022-09-08,151.67660447799875,153.36364499716552,149.75415773532657,151.50006103515625,84923800
2022-09-09,152.4907097522004,154.79568238893683,151.7845060067485,154.3542938232422,68028800
2022-09-12,156.53171708379904,161.11222243462,156.24728104104713,160.29812622070312,104956000
2022-09-13,156.83580616608484,157.4635411507797,150.430942739526,150.89193725585938,122656600
2022-09-14,151.82368576965968,154.0894308134101,150.66630580332588,152.33372497558594,87965400
2022-09-15,151.6863795720259,152.26508456095567,148.47905455230304,149.4500732421875,90481100
2022-09-16,148.312339619677,148.44965617349064,145.52675172371437,147.81210327148438,162278800
2022-09-19,146.44869974399057,151.5980915210163,146.24273245408108,151.51962280273438,81474200
2022-09-20,150.46032156880005,155.05064442927653,150.1464616536784,153.89324951171875,107689800
2022-09-21,154.32485530993193,155.6980357811973,150.65653533272163,150.77423095703125,101696800
2022-09-22,149.45987128233378,151.50981598394938,148.01804042401267,149.81297302246094,86652500
2022-09-23,148.29268659863374,148.5673196468233,145.71308157487604,147.5472412109375,96029900
2022-09-26,146.7920383807957,150.82327820825114,146.77241745430226,147.88076782226562,93339400
2022-09-27,149.81297617549825,151.75502830388234,147.0764338903238,148.85174560546875,84442700
2022-09-28,144.81075922673622,147.75326992489508,142.06441291517794,146.96859741210938,146691400
2022-09-29,143.3002265150421,143.90834038923484,137.9840792223541,139.7495880126953,128138200
2022-09-30,138.5726459233104,140.35777639256233,135.3555018590439,135.55166625976562,124925300
2022-10-03,135.5614611189966,140.32832857992096,135.05142179088293,139.72019958496094,114311700
2022-10-04,142.25072959734777,143.41792753527417,141.4954812316815,143.30023193359375,87830100
2022-10-05,141.3091461524557,144.55571313373582,140.26944671107276,143.594482421875,79471000
2022-10-06,143.0158044200555,144.7126478104947,142.43711432828448,142.64308166503906,68402200
2022-10-07,139.80845770678545,140.3577388347644,136.7776758724346,137.40541076660156,85925600
2022-10-10,137.72909545898438,139.1709266873786,135.91455644051044,137.72909545898438,74899000
2022-10-11,137.21904887976436,138.64127407342733,135.57125040118655,136.31668090820312,77033700
2022-10-12,136.4638036366148,137.67022848780448,135.51239091855444,135.68893432617188,70433700
2022-10-13,132.40312487373902,140.83830981626429,131.79499606499104,140.24981689453125,113224000
2022-10-14,141.54453406151188,141.75051634248345,135.5418185741853,135.72817993164062,88598000
2022-10-17,138.36662131640782,140.1615390587515,137.58194907165392,139.68093872070312,85250900
2022-10-18,142.70194639396894,143.88875049899616,137.91545818930572,140.9952850341797,99136600
2022-10-19,138.974750883936,142.1722730567363,138.78838952105372,141.10316467285156,61758300
2022-10-20,140.27927658716155,143.0942732786787,139.91635681145763,140.64218139648438,64522000
2022-10-21,140.1321395849877,145.0167173026428,139.9163543059083,144.4478302001953,86548600
2022-10-24,144.36938877585834,147.3511264300609,143.20219044541471,146.58607482910156,75981900
2022-10-25,147.21375676214043,149.56777350297594,146.49775025875292,149.42063903808594,74732300
2022-10-26,148.06712385627637,149.07738452163943,145.20306734701933,146.48797607421875,88194300
2022-10-27,145.23250204640354,146.1937178528811,141.36800292889203,142.02516174316406,109180200
2022-10-28,145.35999154749908,154.48177557471033,144.98728378991743,152.75550842285156,164762400
2022-10-31,150.22496108445085,151.2842665764986,149.0087181195706,150.40150451660156,97943200
2022-11-01,152.10816072803473,152.47106552613408,146.27218522217615,147.76304626464844,80379300
2022-11-02,146.0956258102425,149.25392123210702,142.2213237765035,142.25074768066406,93604600
2022-11-03,139.3376507448135,140.06347524662803,136.0910838596121,136.21859741210938,97918500
2022-11-04,139.59825507529519,140.16808578570755,132.02346880241154,135.9533233642578,140814800
2022-11-07,134.70562941235488,136.70984922405512,133.29087896117363,136.48388671875,83374600
2022-11-08,137.94774130575934,138.9498435557623,135.0789489012502,137.05369567871094,89908500
2022-11-09,136.07123106652006,136.12035725287217,132.2297941583769,132.5048828125,74917800
2022-11-10,138.7631733571785,144.29443359375,137.05368118428237,144.29443359375,118854000
2022-11-11,143.26284999283982,147.37935990276293,141.83826577346156,147.07479858398438,93979700
2022-11-14,146.3576203774582,147.64464544159856,144.84461786588682,145.67971801757812,73374100
2022-11-15,149.5506380930854,150.89660867721872,145.95481705312972,147.4088592529297,89868300
2022-11-16,146.51485052076237,147.2418642338074,144.707105498184,146.18080139160156,64218300
2022-11-17,143.8621421866718,148.82358651784583,143.58705356948877,148.07691955566406,80389400
2022-11-18,149.63903422199823,150.022194440957,147.3400729082456,148.6369171142578,74829600
2022-11-21,147.52676535819396,147.73307435769456,145.12955132737417,145.41445922851562,58724100
2022-11-22,145.53236323934706,147.7821986794849,144.3533947208252,147.54640197753906,51804100
2022-11-23,146.82922050043365,149.16748927839564,146.72114887646376,148.4208221435547,58301400
2022-11-25,145.70918504900035,146.2691965387926,144.5400508786952,145.5126953125,35195900
2022-11-28,142.59476743015247,144.06846284178744,140.86563687733454,141.69090270996094,69246000
2022-11-29,141.75967888062996,142.2705641956943,137.88878454429147,138.69439697265625,83763800
2022-11-30,138.9203437218135,146.11198429763354,138.08525867650403,145.43408203125,111380900
2022-12-01,145.61097586517099,146.51484082101652,144.0390276864429,145.70921325683594,71250400
2022-12-02,143.4004227674544,145.40464232225125,143.09584639700262,145.2179718017578,65447400
2022-12-05,145.17866278529172,148.2734173934748,143.21373541725012,144.05865478515625,68826400
2022-12-06,144.49098440956536,144.7169469269184,139.43128592921317,140.4039306640625,64727200
2022-12-07,139.69652452502783,140.85582456681212,137.54492649061714,138.46844482421875,69721100
2022-12-08,139.8635600853956,141.00322179654424,138.62566097989853,140.14846801757812,62128300
2022-12-09,139.84388950557997,143.01725827820258,138.42913927736055,139.66705322265625,76097000
2022-12-12,140.19757351667832,141.96601125722427,138.58633357333804,141.95619201660156,70462700
2022-12-13,146.87833415604433,147.34009332894186,141.71058010364294,142.91900634765625,93886200
2022-12-14,142.8011107216781,144.0881358235322,138.68458524913544,140.69863891601562,82291200
2022-12-15,138.63546667684503,139.3133690938159,133.64454880056923,134.10630798339844,98931900
2022-12-16,134.2929782040358,135.23613504981998,131.38487878191776,132.1511993408203,160156900
2022-12-19,132.74069295008061,132.82911109974094,129.01716151047765,130.04873657226562,79592600
2022-12-20,129.08590439011405,130.91328746393052,127.61220884643005,129.97994995117188,77432800
2022-12-21,130.64800547841642,134.4108428696223,130.42204304769788,133.07469177246094,85928000
2022-12-22,131.9939964474779,132.20030541745464,128.01501569466643,129.91116333007812,77852100
2022-12-23,128.62416529925937,130.09786107261186,127.36661277196195,129.5476837158203,63814900
2022-12-27,129.07612641617993,129.10559913717967,126.46276855198909,127.74979400634766,69007800
2022-12-28,127.39605990024205,128.73221106602657,123.66270252163467,123.82971954345703,85438400
2022-12-29,125.74554877459363,128.1918817150827,125.49011356491995,127.33714294433594,75703700
2022-12-30,126.15818552945343,127.67117324976594,125.19536766637758,127.65151977539062,77034200
2023-01-03,127.99539057563403,128.60451337209517,121.99253578697103,122.87675476074219,112117500
2023-01-04,124.66483150899292,126.4037966398773,122.886574422074,124.14412689208984,89113600
2023-01-05,124.90060516942826,125.5293813261351,122.57217104073682,122.82760620117188,80962700
2023-01-06,123.80025946812165,128.0051956310965,122.69989736764362,127.3469467163086,87754700
2023-01-09,128.18204084518473,131.07048653770673,127.6122100970975,127.86764526367188,70790800
2023-01-10,127.97574077291436,128.95820466182693,125.87326865028986,128.4375,63896200
2023-01-11,128.94839939893015,131.1687626317444,128.1722594386808,131.1491241455078,69458900
2023-01-12,131.53223946571177,131.90556546211644,129.1350257391296,131.0704803466797,71379600
2023-01-13,129.71469801537842,132.55401787873402,129.35119119619432,132.39682006835938,57809700
2023-01-17,132.4656016206527,134.88245427698436,131.77787992946924,133.55613708496094,63646600
2023-01-18,134.4207108763407,136.17931456809228,132.66209219338052,132.8389434814453,69672800
2023-01-19,131.72870843866633,133.86065244378065,131.42414715096476,132.89784240722656,58280400
2023-01-20,132.9076780568954,135.59963378756996,131.8662690124696,135.45225524902344,80223600
2023-01-23,135.6978953680963,140.80671912517695,135.4817521326256,138.63546752929688,81760300
2023-01-24,137.84949253259393,140.64952034187644,137.83967329148908,140.0305633544922,66435100
2023-01-25,138.41932337339787,139.93231102042415,136.37579688239575,139.372314453125,65799300
2023-01-26,140.65933109437518,141.72039372676826,139.41159795380088,141.43548583984375,54105100
2023-01-27,140.6495420845882,144.64816254873466,140.57094316997566,143.37095642089844,70555800
2023-01-30,142.41797596075202,142.99762607371383,140.34497649686972,140.49234008789062,64015300
2023-01-31,140.19754536928863,141.80878498914117,139.7849124778732,141.75965881347656,65874500
2023-02-01,141.44531098955775,144.03901475780756,138.84178798038548,142.87969970703125,77663600
2023-02-02,146.2888275489756,148.52884341135578,145.57163330132713,148.1751708984375,118339000
2023-02-03,145.4341223704264,154.62016535520215,145.23763259886508,151.79066467285156,154357300
2023-02-06,149.89454080308164,150.4152455277008,148.1359218347776,149.0692596435547,69858300
2023-02-07,147.9983592694092,152.5078649107581,147.9983592694092,151.9380340576172,83322600
2023-02-08,151.18150996746658,151.86923151834947,148.5190269025848,149.25587463378906,64120100
2023-02-09,151.083246261921,151.62360422246954,147.78216807435706,148.22427368164062,56007100
2023-02-10,147.06324691592152,148.913088785703,146.82709018156558,148.58837890625,57450700
2023-02-13,148.52935383999073,151.78627208132363,148.49983612289876,151.3828582763672,62199000
2023-02-14,149.68057287811524,151.30412220458746,148.44078385852455,150.74325561523438,61707600
2023-02-15,150.6546952720313,153.00636811059493,150.42838780610393,152.83909606933594,65573800
2023-02-16,151.0482818929642,153.82306709582505,150.8908590911332,151.24508666992188,68167900
2023-02-17,149.90689371085574,150.54646418705764,148.43094798353164,150.1036834716797,59144100
2023-02-21,147.79135689260553,148.87372305726493,146.03006833094608,146.09893798828125,58867200
2023-02-22,146.4826819914061,147.54536466728035,144.80011234851025,146.5220489501953,51011300
2023-02-23,147.6831183102613,147.92910925221886,144.8788305804024,147.00418090820312,48394200
2023-02-24,144.75092512234477,144.8296440334222,143.38321594733068,144.3573455810547,55469600
2023-02-27,145.341334334401,146.77791341877497,145.0854940760689,145.54795837402344,44998500
2023-02-28,144.69188448050687,146.68932985809187,144.47541123636594,145.04611206054688,50547000
2023-03-01,144.47542675230628,144.8690063216874,142.6846051791963,142.97979736328125,55479000
2023-03-02,142.0647116163666,144.35734928778834,141.59239813777418,143.57017517089844,52238100
2023-03-03,145.6660203114201,148.68679692265323,144.96741429678426,148.6080780029297,70732300
2023-03-06,151.32379221822697,153.79355106354063,150.99909736370918,151.3631591796875,87558000
2023-03-07,151.23522972088062,151.55993956940895,148.7064506179963,149.16891479492188,56182000
2023-03-08,150.35952840818192,151.00894821688513,149.39524794362458,150.41856384277344,47204800
2023-03-09,151.09746808583355,152.0617483379844,147.8208670608722,148.1750946044922,53833600
2023-03-10,147.80122193638456,148.5195113692859,145.24290982690115,146.11863708496094,68572400
2023-03-13,145.43967499711258,150.68420342446277,145.33143838738883,148.05702209472656,84457100
2023-03-14,148.85404568502526,150.94004418166887,147.6929755826584,150.14303588867188,73695900
2023-03-15,148.76548332238644,150.7924462663543,147.51584514285557,150.53662109375,77167900
2023-03-16,149.71992520737962,153.95097226183628,149.20825986230471,153.3507537841797,76161100
2023-03-17,153.5770563789343,154.22647602550626,151.80591871287191,152.51437377929688,98944600
2023-03-20,152.5832627325511,155.28916298853815,151.6780028890537,154.87588500976562,73641400
2023-03-21,154.79722327478603,156.84385517693187,154.02971754385752,156.7257843017578,73938300
2023-03-22,156.7454546452784,159.5399085601911,155.27934300701256,155.2990264892578,75701800
2023-03-23,156.28297554136526,158.9593583364734,155.15140813839363,156.38136291503906,67622100
2023-03-24,156.31251228008384,157.76877470893055,155.31871410467124,157.6802215576172,59196500
2023-03-27,157.3751434631476,158.19183506776827,155.33833156714905,155.74176025390625,52390300
2023-03-28,155.43673225056244,155.94839753031852,153.47863926690832,155.12185668945312,45992200
2023-03-29,156.81432081388166,158.4673879613573,156.79465234617297,158.19187927246094,51305700
2023-03-30,158.9396863414281,159.8646148025582,158.68386113447403,159.75637817382812,49501700
2023-03-31,159.83510289651463,162.35404815041076,159.31360321570477,162.25564575195312,68749800
2023-04-03,161.63575413574327,163.62335040456196,161.58655293789977,163.50527954101562,56976200
2023-04-04,163.92839947620809,164.16454121432164,162.46228779099377,162.9739532470703,46278300
2023-04-05,162.0982064947886,162.40323287933546,159.20535043705326,161.1339111328125,51511700
2023-04-06,159.8252353547828,162.31467762112032,159.40213812085784,162.0194854736328,45390100
2023-04-10,158.8314373555464,159.43165588378906,157.51292944566782,159.43165588378906,47716900
2023-04-11,159.74652133194326,159.7563555644006,157.93601661540757,158.22137451171875,47644200
2023-04-12,158.6346426672523,159.4611686435216,157.21773241416443,157.53260803222656,50133100
2023-04-13,159.03805912639,163.14118599216286,158.8314201412513,162.905029296875,68445600
2023-04-14,161.95057076563972,163.65283866101953,161.19292957831368,162.56063842773438,49386500
2023-04-17,162.44258319038994,162.7377753387549,161.39958394505072,162.58033752441406,41516200
2023-04-18,163.43639900098648,164.7253892225956,162.99360326395418,163.8004608154297,49923000
2023-04-19,163.14117819260926,165.46333303592274,162.88533803142178,164.94183349609375,47720200
2023-04-20,163.42655222639002,165.17800667808302,162.90505258707114,163.97756958007812,52456400
2023-04-21,162.40320545287983,163.78074857435575,161.85218820428946,162.37368774414062,58337300
2023-04-24,162.35403159020615,162.9444158925364,161.26183114076272,162.67874145507812,41949600
2023-04-25,162.54099521393778,163.6430299514636,161.10440134757968,161.14376831054688,48714100
2023-04-26,160.44513945575562,162.6295403559192,160.1893142654478,161.1339111328125,45498800
2023-04-27,162.54097091629146,165.85692388096987,162.54097091629146,165.70933532714844,64902300
2023-04-28,165.7880799666726,167.12627144742981,165.18786139778672,166.958984375,55275900
2023-05-01,166.5654112090663,167.71664719399982,165.93567490070697,166.8704376220703,52472900
2023-05-02,167.36242742401706,167.6182676642773,164.85331630714083,165.8372802734375,48425700
2023-05-03,166.78186884038578,168.17909567440717,164.47939708632646,164.76473999023438,65136000
2023-05-04,162.24578626436005,164.36130237503923,161.67508547315035,163.13134765625,81235400
2023-05-05,168.23814318555767,171.50491053581004,168.02166992672903,170.78662109375,113453200
2023-05-08,169.71408033203093,171.06212101363838,169.35001851271124,170.7177276611328,55962800
2023-05-09,170.27494492179522,170.7570775926942,168.84820036158354,169.01547241210938,45326900
2023-05-10,170.24543004162442,171.23922812803062,169.14338031673282,170.77676391601562,53724500
2023-05-11,171.06211698775132,171.79024060925457,169.40904995436452,170.96371459960938,49514700
2023-05-12,171.07210045600348,171.50564580777203,168.49055408757272,170.0375213623047,45533100
2023-05-15,170.61883064941935,170.66809989196608,168.95362948142878,169.54483032226562,37266700
2023-05-16,169.46600254116325,170.5991199454283,169.27878844040285,169.54483032226562,42110300
2023-05-17,169.19013234108013,170.39221479568312,167.91905489711874,170.15574645996094,57951600
2023-05-18,170.46119076780954,172.6683237371227,170.04735615510018,172.48110961914062,65496700
2023-05-19,173.80143807257875,173.80143807257875,172.3727201425523,172.58949279785156,55809500
2023-05-22,171.42679729660153,172.1460951955022,170.9045763773169,171.64356994628906,43570900
2023-05-23,170.58931050155752,170.83564173486545,168.7664533611328,169.04234313964844,50747300
2023-05-24,168.57922839342694,169.8897122746601,168.0176010356781,169.31822204589844,45143500
2023-05-25,169.87983433539839,171.34795850917342,169.17039935195018,170.45132446289062,56058300
2023-05-26,170.77650880236848,173.19055165787438,170.56958397024448,172.85552978515625,54835000
2023-05-30,174.36309800636275,176.36330631715728,173.9788219031772,174.69810485839844,55964400
2023-05-31,174.72764675708407,176.71800704198733,174.16600441023556,174.64881896972656,99625300
2023-06-01,175.0922328882,177.47671735788407,174.33352850038895,177.44715881347656,68901800
2023-06-02,178.37335293714096,179.11234656032465,176.62932377666553,178.29452514648438,61996900
2023-06-05,179.9498694414483,182.23581511366768,175.42721727327233,176.9446258544922,121946500
2023-06-06,177.32891962025158,177.476712338109,174.8261860088602,176.580078125,64848400
2023-06-07,175.82137635899298,178.55073052308683,174.71781728969785,175.21047973632812,61944600
2023-06-08,175.28924448775277,178.18610128610723,174.85571428274253,177.92007446289062,50214900
2023-06-09,178.83645110058313,179.55573399442156,177.9792233362159,178.30438232421875,48900000
2023-06-12,178.60984190485868,181.19138823156914,178.31424143935143,181.0928497314453,54274900
2023-06-13,180.11737806569877,181.4475575367352,179.76266053311636,180.61988830566406,54929100
2023-06-14,180.67901332162722,181.684048880549,179.34883379218707,181.25050354003906,57462900
2023-06-15,181.26038457492544,183.7828140435399,181.08301826564116,183.28028869628906,65433200
2023-06-16,183.98971928038128,184.245913383536,181.56582838117956,182.20628356933594,101256200
2023-06-20,181.70378168910554,183.3689832973111,181.70378168910554,182.2949676513672,49799100
2023-06-21,182.18658409390272,182.6891094596189,179.910485779367,181.26039123535156,49515700
2023-06-22,181.04361385994784,184.30503707731958,180.97463389589913,184.25576782226562,51245300
2023-06-23,182.82700770116728,184.807505007212,182.29492392440986,183.94041442871094,53117000
2023-06-26,184.08822111663613,185.2903184900679,182.51169553463515,182.55111694335938,48088700
2023-06-27,183.1620330683905,185.6253451571229,182.94526040179295,185.30018615722656,50730800
2023-06-28,185.17209649255778,187.11318769857849,184.84695251457532,186.4727325439453,51216800
2023-06-29,186.3052137668684,187.2806907250245,186.16726889716722,186.80772399902344,46347300
2023-06-30,188.81780236383452,191.62596911406445,188.45322195229386,191.1234588623047,85213200
2023-07-03,190.9362564156046,191.03479491877454,188.94589592351636,189.63563537597656,31458200
2023-07-05,188.7587001877792,190.14799688410469,187.82262949557398,188.522216796875,46920300
2023-07-06,187.05407174607458,189.20208780415717,186.42346442381324,188.9951629638672,45094300
2023-07-07,188.60102706839623,189.84253092683244,187.4481988352347,187.88172912597656,46815000
2023-07-10,186.4825877482977,187.20188576037833,184.29516523716504,185.84213256835938,59922200
2023-07-11,186.3840531601648,186.52199803845542,183.86162393721375,185.3199005126953,46638100
2023-07-12,186.89638625272656,188.88674640306317,185.7041517573503,186.98507690429688,60750200
2023-07-13,187.70438329432415,188.38425984411805,186.99494820191867,187.74378967285156,41342300
2023-07-14,187.4383607296714,188.37441642370476,186.847174781534,187.89161682128906,41616200
2023-07-17,189.08384794751433,191.46834750746484,188.9951723122315,191.1431884765625,50520200
2023-07-18,190.5125649317522,191.47817907078496,189.5962050071137,190.88697814941406,48288200
2023-07-19,190.26622781119138,195.32093388898534,189.82281961650222,192.23687744140625,80507300
2023-07-20,192.22701989757815,193.58677299126168,189.67503216410122,190.29579162597656,59581200
2023-07-21,191.25155042374644,192.10877819186132,188.4236580132484,189.1232452392578,71951700
2023-07-24,190.5717048030419,192.04969224832402,189.4287242369893,189.92138671875,45377800
2023-07-25,190.49282690419068,191.58653792745972,190.08884016702333,190.778564453125,37283200
2023-07-26,190.82785426220883,192.7689453418544,190.48299959942145,191.6456756591797,47471900
2023-07-27,193.14334195652393,194.30601782591035,189.72426422082378,190.38442993164062,47460200
2023-07-28,191.8131810983056,193.74442436278966,191.29096014596897,192.95616149902344,48291400
2023-07-31,193.1827862905988,193.60648379116893,192.39452340931743,193.5670623779297,38824100
2023-08-01,193.3601546102926,193.842954166062,192.41423613585215,192.73939514160156,35175100
2023-08-02,192.17775117305615,192.31569604997566,189.03457754647138,189.7538604736328,50389300
2023-08-03,188.7586713954234,189.54691917513858,187.89158079590146,188.36453247070312,61235200
2023-08-04,182.79743931128007,184.63014382216585,179.25026444025556,179.31924438476562,115956800
2023-08-07,179.4572213905704,180.44254624962392,174.74736976708382,176.22535705566406,97576100
2023-08-08,177.05300588853657,177.62449604499406,174.97397007455905,177.16139221191406,67823000
2023-08-09,178.2156906972674,178.27480777933516,174.41233639065635,175.5750274658203,60378500
2023-08-10,176.84611157664116,178.097478428752,174.9937109597073,175.3582763671875,54686900
2023-08-11,174.95376621930987,176.2364063672045,174.19403724396824,175.41748046875,52036700
2023-08-14,175.59504844195268,177.2920967961584,174.9438523177461,177.06517028808594,43675600
2023-08-15,176.49291042563854,177.08489459113486,174.68732936330193,175.0819854736328,43622600
2023-08-16,174.76626971305478,176.15744233651847,174.14467201512105,174.2137451171875,46964900
2023-08-17,174.77610583538885,175.14116345073805,171.16494410110627,171.67800903320312,66062900
2023-08-18,170.0007364455324,172.76337470680727,169.6652772069575,172.16151428222656,61172200
2023-08-21,172.7337554755455,173.77960771425435,171.4215020828672,173.49346923828125,46311900
2023-08-22,174.69721483499137,175.30893640777694,173.89802631437342,174.8649444580078,42038900
2023-08-23,176.1377232252428,179.12728783194132,175.9502562936072,178.70301818847656,52722800
2023-08-24,178.25902046647073,178.68329009610582,173.6612029173666,174.02627563476562,54945800
2023-08-25,175.01296513805357,176.7593346104704,173.4737848988942,176.22654724121094,51449600
2023-08-28,177.68678985123202,178.18011761364104,176.16734696728648,177.78546142578125,43820700
2023-08-29,177.30194937146643,182.4325537749521,177.1046213280948,181.6629638671875,53003900
2023-08-30,182.47204640358012,185.34321714142652,182.27471834075723,185.1458740234375,60813900
2023-08-31,185.33336235534645,186.5962801694583,184.97816577917948,185.3629608154297,60794500
2023-09-01,186.961330634287,187.38558521498553,185.76747101772168,186.93173217773438,45766500
2023-09-05,185.7674844117445,187.44479564304942,185.1064270757959,187.1685333251953,45280000
2023-09-06,185.88587535630464,186.32988234003622,179.04836051297525,180.46914672851562,81755800
2023-09-07,172.84230680208358,175.8318868790433,171.22419235116297,175.1905517578125,112488800
2023-09-08,175.96997548136457,177.83475336123297,175.4174358773743,175.80223083496094,65551300
2023-09-11,177.6670388917848,177.89396541040293,174.97345890425444,176.9665069580078,58953100
2023-09-12,177.09475937210624,177.72621814105926,172.48708107979573,173.94732666015625,90370200
2023-09-13,174.15451849429098,174.93398459835862,171.6582818339781,171.88522338867188,84267900
2023-09-14,171.6780505009118,173.75003299454158,171.2636570132194,173.39483642578125,60895800
2023-09-15,174.12494522635322,174.14468255030425,171.5004532372104,172.674560546875,109259500
2023-09-18,174.12494029407293,176.98624997924455,173.8190795297471,175.59506225585938,67257600
2023-09-19,175.1510553991506,177.23289871202428,174.7662604292434,176.6803741455078,51826900
2023-09-20,176.86782730089922,177.30195805066697,173.0593371622532,173.1481475830078,58436200
2023-09-21,172.22066895942882,173.9473155673331,171.5398744594861,171.6089324951172,63149100
2023-09-22,172.33907993619778,174.71692282922322,171.72735846610487,172.4574737548828,56725400
2023-09-25,171.87535356826675,174.6083930174941,171.82601779128095,173.7302703857422,46172700
2023-09-26,172.48708745695123,172.86200623492672,169.36925308333926,169.66525268554688,64588900
2023-09-27,170.31643241476104,170.730825832551,166.79408083596385,168.15565490722656,66921800
2023-09-28,167.08022534636603,169.7343308371659,165.38317681816312,168.41221618652344,56294400
2023-09-29,169.72445084440017,170.7604419321708,168.06686209293406,168.92526245117188,51861100
2023-10-02,168.93512915166482,171.9740294168616,168.6489906711008,171.43136596679688,52164500
2023-10-03,169.96124934298015,171.31297744317223,168.54047825044546,170.09938049316406,49594600
2023-10-04,168.80687858022958,171.88525384459265,168.68848474300435,171.34259033203125,53020300
2023-10-05,171.47081778563683,173.10866919518492,170.3756298015613,172.5758819580078,48527900
2023-10-06,171.48069938400815,175.61478762599208,170.86896284182788,175.1214599609375,57266700
2023-10-09,174.45052401213385,176.6606373398207,173.45400756283908,176.6014404296875,42390800
2023-10-10,175.72333700059065,177.32171396949087,175.57532965392068,176.00946044921875,43698000
2023-10-11,175.8219650621156,177.4499552810768,175.22998093671887,177.40061950683594,47551100
2023-10-12,177.6670488234186,179.90674578858014,176.6507798893927,178.2985076904297,56743100
2023-10-13,178.99902980590412,179.5022186651883,175.76280113660414,176.4633331298828,51427100
2023-10-16,174.39134016768617,176.69024903281087,174.15453745424634,176.33505249023438,52517000
2023-10-17,174.2926830064713,176.03906740635364,172.46737941742194,174.7860107421875,57549400
2023-10-18,173.23694427289632,175.21025492862336,172.77321506438722,173.49346923828125,54764400
2023-10-19,173.69080766680926,175.46679037407037,172.85215962113486,173.11856079101562,59302900
2023-10-20,172.97056355030566,173.0790962513972,170.3361953203569,170.572998046875,64244000
2023-10-23,168.62925458750877,171.6878768692555,167.662321590194,170.6913604736328,55980100
2023-10-24,170.74070856198063,171.35243005141567,169.1620540054936,171.12550354003906,43816600
2023-10-25,169.58633193718455,170.75057806188605,168.3727349771656,168.81674194335938,57157000
2023-10-26,168.09644349231945,169.09297489080478,163.45916701132384,164.6628875732422,70625300
2023-10-27,164.6826577744484,166.70530437202822,164.60372353518264,165.9751739501953,58499100
2023-10-30,166.76450604315932,168.88580920893756,166.61649869462795,168.01754760742188,51131000
2023-10-31,167.09010101577766,168.61940486913602,165.65943861592592,168.49114990234375,44846000
2023-11-01,168.71808481806195,171.9049777602895,167.84982318964867,171.64845275878906,56934900
2023-11-02,173.17776232760195,175.40759814141026,173.118565411641,175.20040893554688,77334800
2023-11-03,171.91485064572058,174.46042350768224,171.0367278993792,174.2926788330078,79829200
2023-11-06,174.02628274488598,177.0355696443862,173.85855313497558,176.83824157714844,63841300
2023-11-07,176.78892234542403,180.00542885763969,176.5817331247381,179.39370727539062,70530000
2023-11-08,179.91661457451394,181.00192645947115,179.16674685036813,180.44940185546875,49340300
2023-11-09,180.51846299464347,181.66297171772456,179.38380034968415,179.97579956054688,53763500
2023-11-10,181.75413731292954,184.3228271167955,181.31943456996746,184.1548614501953,66133400
2023-11-13,183.58186108306094,183.7893232540613,181.9912524470517,182.5741424560547,43627500
2023-11-14,185.4391901985185,185.84425545326624,184.0560589323069,185.1823272705078,60108400
2023-11-15,185.5874067506803,187.21752694473682,185.51824264456812,185.74546813964844,53790500
2023-11-16,187.2866746678448,188.6599317940755,186.37774261703024,187.42498779296875,54412900
2023-11-17,187.95848017105547,188.08691917335904,186.29872264128753,187.4052276611328,50922700
2023-11-20,187.60281994734135,189.598493753426,187.59294582194016,189.14402770996094,46505100
2023-11-21,189.10449492939836,189.21317059662826,187.4546116723618,188.34376525878906,38134500
2023-11-22,189.18357710829596,190.60622016215154,188.53152295340232,189.0057373046875,39617700
2023-11-24,188.57100791556658,188.60064536615056,186.970525284031,187.68185424804688,24048300
2023-11-27,187.6324520630897,188.37341847212542,186.62473352580105,187.50401306152344,40552600
2023-11-28,187.49414676130317,188.77849160556613,187.11871894105684,188.10667419433594,38415400
2023-11-29,188.6006511365786,189.77632029571453,186.69390474066958,187.08908081054688,43014200
2023-11-30,187.55343368717286,188.02766309314677,185.92331344476767,187.662109375,48794400
2023-12-01,188.0375263099119,189.25270705783993,186.95076949469112,188.9365692138672,45704800
2023-12-04,187.69173962433385,187.76090372984268,185.1922139752508,187.1483612060547,43389500
2023-12-05,187.91897362196437,192.05849343193452,187.8893210956394,191.09030151367188,66628400
2023-12-06,192.10788966712872,192.4141533735728,189.79607806848605,190.00355529785156,41089700
2023-12-07,191.29776300970337,192.6512567588297,191.25823636118906,191.9300537109375,47477700
2023-12-08,191.86091528323507,193.629363703371,191.33730018286,193.3527374267578,53406400
2023-12-11,190.78403090604945,191.15945870925907,189.11438419177532,190.85317993164062,60943700
2023-12-12,190.75438957156285,192.3746354774224,189.41076991243543,192.36476135253906,52696900
2023-12-13,192.74016578029781,195.6151188726379,192.50306619330016,195.5756072998047,70404200
2023-12-14,195.6349188149913,197.21563829918102,193.79732129680679,195.7238311767578,66831600
2023-12-15,195.1507962246044,196.01031245444227,194.62718115642724,195.19032287597656,128538400
2023-12-18,193.72812085100188,194.2616250715381,192.04860011875655,193.53053283691406,55751900
2023-12-19,193.7973281496765,194.57780625556214,193.53057597994234,194.56793212890625,40714100
2023-12-20,194.5283816611859,195.2989855460905,192.4833221435547,192.4833221435547,52242800
2023-12-21,193.73802319308166,194.70621508029078,191.16933361068988,192.33511352539062,46482500
2023-12-22,192.8291141147171,193.05635469466722,190.64574127695036,191.26815795898438,37149600
2023-12-26,191.27801448490152,191.55464074590694,190.5074106042434,190.72476196289062,28919300
2023-12-27,190.17150836602553,191.16933772508392,188.78836199381533,190.82354736328125,48087700
2023-12-28,191.80163510638113,192.31537606668746,190.84331729052167,191.24838256835938,34049900
2023-12-29,191.56450759639273,192.05848519728596,189.42064661751613,190.2110137939453,42672100
2024-01-02,184.89579853453512,186.1702691079172,181.6750702031571,183.40399169921875,82488700
2024-01-03,182.0011090098209,183.64111826756874,181.22061595613366,182.03074645996094,58414500
2024-01-04,179.95603270422265,180.88471299934187,178.70134046081682,179.71893310546875,71983600
2024-01-05,179.79799818956093,180.5587129492039,177.99991223040004,178.99774169921875,62379700
2024-01-08,179.89676064456035,183.36449308108033,179.3138706884217,183.32496643066406,59144500
2024-01-09,181.7047124117811,182.91989304556353,180.52904335165846,182.91001892089844,42841800
2024-01-10,182.12955368013527,184.1548498527509,181.70472508990332,183.9473876953125,46792900
2024-01-11,184.2931840827093,184.7970509584636,181.40835627398752,183.35462951660156,49128400
2024-01-12,183.81891613280496,184.49073341290062,182.95940005422455,183.68060302734375,40477800
2024-01-16,179.96594785640553,182.04064501968628,178.75075193755313,181.41824340820312,65603000
2024-01-17,179.08666971271487,180.72666412936158,178.1283518215105,180.47967529296875,47317400
2024-01-18,183.84860201119264,186.86186875433015,183.59173905481111,186.35801696777344,78005800
2024-01-19,187.04954979006996,189.6379874512041,186.54569809210085,189.252685546875,68903000
2024-01-22,189.98378136946042,192.97728431537942,189.94425472083472,191.55462646484375,60133900
2024-01-23,192.67100968439368,193.39221269336167,191.4953406920358,192.82907104492188,42355600
2024-01-24,193.06620457832125,194.0146482092326,191.999211146671,192.15728759765625,53631300
2024-01-25,192.86862433386716,193.90598035718745,190.78403816176663,191.83126831054688,54822100
2024-01-26,191.93006387634745,192.41415228379137,189.6281264159501,190.1023406982422,44594000
2024-01-29,189.69728055859,189.88499446653958,187.29655655692048,189.420654296875,47145600
2024-01-30,188.6401800108733,189.4898221386195,185.21197404804863,185.7751007080078,55859400
2024-01-31,184.7871100896247,184.84640005696093,182.12952360814134,182.1789093017578,55467800
2024-02-01,181.77390231724044,184.69824158324056,181.6059517240919,184.6093292236328,64885400
2024-02-02,177.6936236133024,185.07365019396582,177.09097033579843,183.61148071289062,102551700
2024-02-05,185.8838043600247,186.97056134101734,183.6016297749433,185.41946411132812,69668800
2024-02-06,184.60929974417922,187.02978684421677,184.5203873987695,187.01991271972656,43490800
2024-02-07,188.3437971267345,188.74886241631054,186.33824908078662,187.1286163330078,53439000
2024-02-08,187.1088468471974,187.25703410679802,185.09342474162452,186.05174255371094,40962000
2024-02-09,186.61560601384656,187.94116702243676,185.97262160450546,186.81346130371094,45155200
2024-02-12,186.3880527684402,186.63535673641036,184.77562606711913,185.13174438476562,41781900
2024-02-13,183.76663306878044,184.20189045877694,181.53099558275042,183.04449462890625,56529500
2024-02-14,183.32147349103352,183.5292003496781,180.47252724717288,182.16407775878906,54630500
2024-02-15,181.57057328309747,182.50043860227981,179.3943014199978,181.87722778320312,65434500
2024-02-16,181.44197861733377,182.8565652037317,179.7108507918506,180.3439483642578,49752500
2024-02-20,179.82953567385852,180.4626331892475,178.05884601330092,179.60202026367188,53665600
2024-02-21,179.9779444437335,180.91769653606136,178.71174929095213,180.35385131835938,41371400
2024-02-22,181.50134277124772,182.96539328132977,180.49235334512917,182.38174438476562,52292200
2024-02-23,183.0148347964746,183.04451006700117,180.2648157032703,180.55169677734375,45119700
2024-02-26,180.27471486922383,180.78909628027105,178.7018500832812,179.20635986328125,40867400
2024-02-27,179.14699293032547,181.9365737231629,177.62359209867634,180.66049194335938,54318900
2024-02-28,180.54178846123017,181.14521076395337,178.1874648834917,179.4635467529297,48953900
2024-02-29,179.31517776545977,180.6011615069905,177.59393659501978,178.80078125,136682600
2024-03-01,177.61373507516265,178.58316252471684,175.46713817545924,177.72254943847656,73563100
2024-03-04,174.2503496506797,174.99226146882492,171.9157998591467,173.21168518066406,81510100
2024-03-05,168.91849794898403,170.1846930657021,167.7907924514621,168.285400390625,95132400
2024-03-06,169.21526961759642,169.39333632878757,166.86093094295472,167.2961883544922,68587700
2024-03-07,167.32585131213037,168.88881413208614,166.67298033709926,167.17747497558594,71765100
2024-03-08,167.17745499336354,171.8267658116103,167.11810446583976,168.8887939453125,76267000
2024-03-11,171.07500788792643,172.49948126334272,170.1946063009313,170.88705444335938,60139500
2024-03-12,171.28273835287425,172.1532532324886,169.16581679091567,171.36187744140625,59825400
2024-03-13,170.90682879160028,171.32229764254458,168.91849524765144,169.28451538085938,52488700
2024-03-14,171.04531257693264,172.43020869953008,170.1945863604126,171.13433837890625,72913500
2024-03-15,169.3240932528417,170.75845336914062,168.45357838204507,170.75845336914062,121752700
2024-03-18,173.67665901704393,175.79358063684148,171.6487632139381,171.8466033935547,75604200
2024-03-19,172.45989598897214,174.70542030322298,171.16402557801365,174.18113708496094,55215200
2024-03-20,173.82502584048726,176.7432098388672,173.2018149693641,176.7432098388672,53423100
2024-03-21,175.1406653733646,175.57592275278003,168.9976284397713,169.52191162109375,106181300
2024-03-22,169.90770741812418,171.18380430580046,168.22604350725265,170.42210388183594,71160100
2024-03-25,168.73057383883838,170.085794876263,167.6226416976105,169.00755310058594,54288300
2024-03-26,168.16671829054096,169.57140318495337,167.75124938607289,167.87985229492188,57388400
2024-03-27,168.57230438056465,171.7279058767874,168.27553655784754,171.44102478027344,60273300
2024-03-28,169.89781453968297,170.37263389978352,168.67118150733492,169.63072204589844,65672700
2024-04-01,169.3438900607447,169.40324060587884,167.6523240532299,168.19639587402344,46240500
2024-04-02,167.25661278755086,167.51380346702695,166.41577330219988,167.01919555664062,49329500
2024-04-03,166.96973884210524,168.83935621904524,166.76201196368757,167.82046508789062,47691700
2024-04-04,168.4535689105981,170.06599565718972,166.9994354248047,166.9994354248047,53704400
2024-04-05,167.7611226870966,168.5524984345705,167.12802510796487,167.75123596191406,42104800
2024-04-08,167.20715459942008,167.37531948329715,166.425680716199,166.63340759277344,37425500
2024-04-09,166.88073030235694,168.24585316442327,166.53451377109624,167.84027099609375,42373800
2024-04-10,166.97964653177021,167.2665125006067,165.30786924976792,165.97064208984375,49709300
2024-04-11,166.5246149420751,173.56784300454478,166.3465633103838,173.15235900878906,91070300
2024-04-12,172.3807444342083,176.43653535919364,172.33129571828837,174.64605712890625,101670900
2024-04-15,173.46888692512982,174.72519524382946,170.6397290741028,170.8276824951172,73531800
2024-04-16,169.8978273072319,171.88614579113815,166.45536027289515,167.5533905029297,73711200
2024-04-17,167.78091646807817,168.80969440593617,166.1882781982422,166.1882781982422,50901200
2024-04-18,166.21794611620325,166.8213684176903,164.75391081370103,165.23861694335938,43122900
2024-04-19,164.41758473594675,164.60552308162337,162.31054999578998,163.2206268310547,68149400
2024-04-22,163.7350029833429,165.45622881020677,162.9930911354229,164.05154418945312,48116400
2024-04-23,163.56687071664174,165.24853488832454,163.14149999003314,165.1001434326172,49537800
2024-04-24,164.74402954196006,167.47427542099652,164.4176015378687,167.19729614257812,48251800
2024-04-25,167.70175828470067,168.77011319134087,166.33663561051003,168.05787658691406,50558300
2024-04-26,168.04799015720317,169.49223681731962,167.35552700029277,167.4742431640625,44838400
2024-04-29,171.5003643815301,174.13168243053624,171.2332869429431,171.62896728515625,68169400
2024-04-30,171.46081207960546,173.1029142716877,168.1667209693098,168.4931640625,65934800
2024-05-01,167.75122238913238,170.84747276952126,167.28628974114312,167.4742431640625,50383100
2024-05-02,170.64963546996492,171.54982559320527,169.04711048582428,171.16403198242188,94214900
2024-05-03,184.637145231003,184.98337684032407,180.69018337477516,181.4024200439453,163224100
2024-05-06,180.38352481626606,182.21356516877455,178.47433028646978,179.75042724609375,78569700
2024-05-07,181.47163247242833,182.90599233972114,179.3646131175579,180.43295288085938,77305800
2024-05-08,180.87814724687024,181.09577596912635,179.49323582394607,180.7693328857422,45057100
2024-05-09,180.5912561815798,182.66861565405213,180.14611203583203,182.57958984375,48983000
2024-05-10,183.15410154420678,183.34230991411323,180.4102677646858,181.3215789794922,50759500
2024-05-13,183.68902280376187,185.33335221774516,182.8767582325011,184.52108764648438,72044800
2024-05-14,185.7394637127145,186.52201273815805,184.53098214319476,185.66021728515625,52393600
2024-05-15,186.13568203158255,188.849800179078,185.6007724639543,187.9285888671875,70400000
2024-05-16,188.67151097089564,189.29556710780693,187.86916171755817,188.04745483398438,52845200
2024-05-17,187.72059282106466,189.00832091255782,187.39370695143634,188.0771942138672,41282900
2024-05-20,187.54226949481966,190.10781001398533,187.22528381236822,189.23611450195312,44361300
2024-05-21,189.28568572066845,190.91019990246883,189.1172927090156,190.53379821777344,42309400
2024-05-22,190.45454757387583,190.9993573729038,188.47343202447388,189.09747314453125,34648500
2024-05-23,189.17666356785324,189.19647894959962,184.86774759253774,185.11538696289062,51005900
2024-05-24,187.03712172304932,188.78049792280623,186.26447277204775,188.1861572265625,36327000
2024-05-28,189.70168159973719,191.1776178733189,187.31444925751387,188.196044921875,52280100
2024-05-29,187.81962268312432,190.4346940804733,187.72056087959155,188.49319458007812,53068000
2024-05-30,188.95875509095092,190.365345015264,188.82999288588945,189.48374938964844,49889100
2024-05-31,189.63235836586054,190.7516933437122,188.11680637508078,190.43470764160156,75158300
2024-06-03,191.07857147290113,193.14884852262287,190.7021698304424,192.19790649414062,50080500
2024-06-04,192.80214765697744,193.47573474401025,191.20734917579057,192.514892578125,47471400
2024-06-05,193.55494454203196,195.04078090785526,193.02995023528447,194.0205078125,54156800
2024-06-06,193.84224299284628,194.64459232913165,192.33659102362645,192.64366149902344,41181800
2024-06-07,192.81202934049514,195.08041469163098,192.30685040959915,195.0308837890625,53103900
2024-06-10,195.04080033594326,195.43703247512377,190.33565137548777,191.29649353027344,97010200
2024-06-11,191.82147267998263,205.20391549352811,191.8016724106265,205.19400024414062,172373300
2024-06-12,205.41193016487838,218.1207863262847,204.94636687125956,211.05812072753906,198134300
2024-06-13,212.71233505249734,214.7033502990969,209.60198493072278,212.21705627441406,97862700
2024-06-14,211.8307711431916,213.13829945342002,209.30484597389386,210.48361206054688,70122700
2024-06-17,211.35530191551948,216.88261596473237,210.71144542501693,214.6241455078125,93728300
2024-06-18,215.5354294813442,216.5656178731208,210.98877362098574,212.26658630371094,79943300
2024-06-20,211.90998899500866,212.2170745602359,206.87796947703916,207.7001190185547,86172500
2024-06-21,208.40341856791886,209.88925500861833,205.1543907600995,205.5308074951172,241805100
2024-06-24,205.75863496180304,210.69160779538842,204.63929998769706,206.17466735839844,80727000
2024-06-25,207.1751328027417,209.3840873125504,206.64023830581658,207.0959014892578,55549700
2024-06-26,209.5029286499739,212.8312027309874,208.65104852463386,211.2364044189453,66213200
2024-06-27,212.66282504623206,213.70291360533915,210.34492376459474,212.07839965820312,49772700
2024-06-28,213.73260601871965,214.0297763055812,208.3142550307382,208.6312255859375,82542700
2024-07-01,210.08738182701015,215.45620282037203,209.91898882948186,214.70338439941406,60402900
2024-07-02,214.10903193760322,218.29910171758146,213.068958487467,218.1901397705078,58046200
2024-07-03,217.92265588190668,219.45802307128906,216.96181387179615,219.45802307128906,37369800
2024-07-05,219.55710192478037,224.3117817727132,219.55710192478037,224.20281982421875,60412400
2024-07-08,224.945750993976,225.69858454124022,221.14201294311235,225.6688690185547,59085900
2024-07-09,225.77778797195694,227.23390886254342,224.23252052432466,226.5207061767578,48076100
2024-07-10,227.1348758928893,230.87918266211804,227.08534498663496,230.78012084960938,62627700
2024-07-11,229.2051413563895,230.19569903805672,223.63821202212716,225.4212188720703,64710600
2024-07-12,226.75846058686048,230.44333633793113,226.52072130415218,228.3631591796875,53046500
2024-07-15,234.24706826366577,234.9899864993383,230.88907844301437,232.18670654296875,62631300
2024-07-16,232.78106107648213,234.03907359612094,230.13627381333595,232.60276794433594,43234300
2024-07-17,227.28346685481674,229.27449755440023,224.50000206743292,226.71885681152344,57345900
2024-07-18,228.10560948409145,228.26410233218343,220.17124832102243,222.06320190429688,66034600
2024-07-19,222.6971801635164,224.65848009632384,221.1717129043359,222.19198608398438,49151500
2024-07-22,224.86646431913928,225.6291978658938,220.98348053112068,221.84527587890625,48201800
2024-07-23,222.25140445670337,224.7971447504236,220.57735968997056,222.88536071777344,39960300
2024-07-24,221.88490694575157,222.67735606492835,215.0797809310421,216.47645568847656,61777600
2024-07-25,216.86279177043605,218.76467587085634,212.59349046705276,215.4364013671875,51391200
2024-07-26,216.6349499920164,217.41749898154802,213.9703475571551,215.90194702148438,41601300
2024-07-29,214.91139345300462,217.22929471632008,213.71281205128278,216.17930603027344,36311800
2024-07-30,217.1203409396055,218.24957609355639,214.07932159795172,216.73402404785156,41643800
2024-07-31,219.34909118598728,221.70662325926872,218.54674189777583,219.98304748535156,50036300
2024-08-01,222.2514024343897,222.36036437427163,214.97081319041698,216.29815673828125,62501000
2024-08-02,217.0807092384795,223.46981835778237,215.6543188775265,217.7840118408203,105568600
2024-08-05,197.21012147966275,211.4840610296135,194.14930192882554,207.29400634765625,119548600
2024-08-06,203.36148541473497,208.00720313955475,199.17143085232243,205.27325439453125,69660500
2024-08-07,204.94639470682978,211.62275945732517,204.4412156900116,207.83883666992188,63516400
2024-08-08,211.0977593959716,212.1774636990054,206.85817350164743,211.29586791992188,47161100
2024-08-09,210.09725832078288,214.7330603096952,209.96848100507697,214.1981658935547,42201600
2024-08-12,214.27752324509848,217.6889728146819,213.81142108338884,215.72540283203125,38028100
2024-08-13,217.19312608520667,220.04923895369578,217.19312608520667,219.43438720703125,44155300
2024-08-14,218.7402072098891,221.17979111862692,217.8774142480331,219.8806610107422,41960600
2024-08-15,222.7367590108339,223.48053712623224,220.9120118672479,222.8557586669922,46414000
2024-08-16,222.06239369045758,224.94825642777528,221.79462933024135,224.1747283935547,44340200
2024-08-19,223.84747960195193,224.115243980586,221.18970440160442,224.0160675048828,40687800
2024-08-20,223.8970689622142,225.28544883578485,223.57971634413767,224.63092041015625,30299000
2024-08-21,224.64085012661386,226.08872985229075,223.1830436738614,224.52183532714844,34765500
2024-08-22,225.90029338876204,226.4457337259973,222.04256465043304,222.66734313964844,43695300
2024-08-23,223.78795679469894,226.32671693712516,222.46898849072514,224.95816040039062,38677300
2024-08-26,224.87883517993083,225.39452559231563,222.0326490158817,225.29534912109375,30602200
2024-08-27,224.1251624880706,226.95152567852384,223.02437015551794,226.13832092285156,35934600
2024-08-28,226.02921369079436,227.95312221094204,223.80779089178384,224.611083984375,38052200
2024-08-29,228.19113851748892,230.98773644426686,226.98125820388418,227.88369750976562,51906300
2024-08-30,228.28039594132485,228.4886453526855,225.59287085733376,227.1002655029297,52990800
2024-09-03,226.65400042223428,227.10026429068756,219.335218503661,220.9219512939453,50190600
2024-09-04,219.82113066927974,219.94013031693453,215.67579973359827,219.01785278320312,43840200
2024-09-05,219.79139340374425,223.60944526365165,219.6823053430495,220.53517150878906,36615400
2024-09-06,222.0921834677133,223.37149053776395,217.94686659835045,218.9881591796875,48423000
2024-09-09,218.98812757352732,219.4343914347755,214.91222272734436,219.07737731933594,67180000
2024-09-10,217.10388142289187,219.6426417511051,214.9320468059923,218.2840118408203,51591000
2024-09-11,219.6228241682371,221.2392917639212,216.08243282408242,220.8128662109375,44587100
2024-09-12,220.6541869199912,221.69547936785247,217.9964268983011,220.9219512939453,37455600
2024-09-13,221.72523244234597,222.18140791181287,220.06908820245332,220.65419006347656,36766600
2024-09-16,214.74362792854853,215.4179946756504,212.14536768072225,214.5254669189453,59357400
2024-09-17,213.96018092212807,215.1006346980314,212.72055067344832,214.99154663085938,45519300
2024-09-18,215.7452565018275,220.86245391858552,215.7353297749969,218.8592071533203,59894900
2024-09-19,223.12352684243388,227.91345980340301,222.7665127356472,226.97132873535156,66781300
2024-09-20,228.0622053540531,231.1563174701668,225.73169454082358,226.306884765625,318679900
2024-09-23,225.45404067299683,227.54653724680347,223.93673438033483,224.5912628173828,54146000
2024-09-24,226.75314473243895,227.44734973367454,223.85737047004787,225.4837646484375,43556100
2024-09-25,223.06400902085235,225.40443143928672,222.16156973744518,224.4920654296875,42308700
2024-09-26,225.4143769570366,226.60441901953834,223.54005654723983,225.63255310058594,36636700
2024-09-27,226.56475422029098,227.6159582791164,225.41437368594384,225.90029907226562,34026000
2024-09-30,228.13164162372897,231.0670928955078,227.7448775670891,231.0670928955078,54541900
2024-10-01,227.615942887257,227.74485413807125,221.88389405688537,224.33340454101562,63285000
2024-10-02,224.0160654907427,225.48378349827837,221.16987922367838,224.898681640625,32880600
2024-10-03,223.27226484855484,224.92840891217833,221.4673712198949,223.79786682128906,34044200
2024-10-04,226.00936828631617,226.1085447535635,222.27065455992025,224.9185028076172,37245100
2024-10-07,222.63759275105315,223.81772316941647,219.49389225502094,219.8509063720703,39505400
2024-10-08,222.43925780658088,224.10531361949606,221.3979653574062,223.89706420898438,31855700
2024-10-09,223.36156001957673,227.84406778827258,222.96488434399248,227.63580322265625,33591100
2024-10-10,225.89038125247495,227.59611368544336,225.28544108575701,227.13992309570312,28183500
2024-10-11,227.39777482080956,227.5068628874906,225.4540279414576,225.66229248046875,31759200
2024-10-14,226.80274288926017,229.8076053434174,226.70358155060512,229.3811798095703,39882100
2024-10-15,231.67203496624026,235.51985237359267,230.4423162246621,231.91004943847656,64751400
2024-10-16,229.67867825777722,230.1943535005289,227.93326933706737,229.857177734375,34082200
2024-10-17,231.49350124327563,231.91003031839952,228.60765355789445,230.22412109375,32993800
2024-10-18,234.2206950473064,234.2206950473064,232.0686987091599,233.0504913330078,46431500
2024-10-21,232.5050303027995,234.8851292946414,232.5050303027995,234.5181884765625,36254500
2024-10-22,231.9496772340994,234.26034966164363,230.67038557078126,233.90333557128906,38846600
2024-10-23,232.13812257917175,233.18932661738793,225.87054472777703,228.8456573486328,52287000
2024-10-24,228.0721400698136,228.9051831435476,226.51517225997247,228.65725708007812,31109500
2024-10-25,227.83412074973037,231.28524701350278,227.665532857223,229.49026489257812,38802300
2024-10-28,231.38442210065006,232.78271346714027,230.62080565968694,231.4637451171875,36087100
2024-10-29,231.16627329542206,232.38606532055925,230.39274516902225,231.73153686523438,35417200
2024-10-30,230.68030356750913,231.53316974412917,227.64569128136466,228.19113159179688,47070900
2024-10-31,227.43741116025222,227.92335160936318,223.50034473329782,224.03587341308594,64370100
2024-11-01,219.1368672842602,223.4805363045207,218.44267740554844,221.06077575683594,65276700
2024-11-04,219.15670083339904,220.94175615916865,217.88732075932978,220.16822814941406,44944500
2024-11-05,219.9599923572388,222.09215031274817,219.3054639601429,221.59629821777344,28111300
2024-11-06,220.76324165989845,224.19454436967803,219.355023708917,220.87232971191406,54561100
2024-11-07,222.76650205936048,225.98954046008802,222.70700223311508,225.5928497314453,42137700
2024-11-08,225.5332770864524,227.0125473442273,224.7787582103861,225.32479858398438,38328800
2024-11-11,223.3789433198207,224.07389700260043,219.90415975706793,222.61448669433594,42005600
2024-11-12,222.93218846295187,223.96468891324545,221.75075962779928,222.61448669433594,40398300
2024-11-13,222.39605879884869,225.01703765642938,221.15506473467502,223.49806213378906,48566200
2024-11-14,223.39881774279925,227.22107081675753,223.37895759377815,226.5757598876953,44923900
2024-11-15,224.76884409236825,225.28510187679902,222.65420045885568,223.37893676757812,47923700
2024-11-18,223.62713486361545,228.08479108540536,223.54770942404784,226.37718200683594,44633700
2024-11-19,225.34466282087314,228.50175961033486,225.02697621656037,226.6352996826172,36211800
2024-11-20,226.4168829534927,228.27340522879027,224.26251907255318,227.35011291503906,35169600
2024-11-21,227.230987838277,228.50176458087773,224.0838286281757,226.8735809326172,42108300
2024-11-22,226.41689485035167,229.05773399756174,226.41689485035167,228.21385192871094,38168300
2024-11-25,229.79240040372403,231.5694972757357,228.08479132337303,231.19223022460938,90152800
2024-11-26,231.6489234928732,233.87279036398945,231.6489234928732,233.366455078125,45986200
2024-11-27,232.78070364946953,233.99191506726265,232.12545514826604,233.2373809814453,33498400
2024-11-29,233.11826871739834,236.09665470361549,232.28432427698263,235.6201171875,28481400
2024-12-02,235.56052304560976,239.05515126765505,235.45131496686756,237.86380004882812,48137100
2024-12-03,238.08222901174219,241.01097200063165,237.17878168890522,240.90176391601562,38861000
2024-12-04,241.12019505186365,242.35126670496282,239.5118714775545,241.25918579101562,44383900
2024-12-05,242.2321233137982,242.77814859306412,240.38552350615552,241.28895568847656,40033900
2024-12-06,241.1599112680226,242.86752040520184,240.33588934668637,241.0904083251953,36870600
2024-12-09,240.08769312504634,245.4587194212017,240.00826768189094,244.9722442626953,44649200
2024-12-10,245.11121388943334,246.4217108653419,243.57237825215392,245.98487854003906,36914800
2024-12-11,246.17352158557497,248.9930565140259,244.48575750906295,244.714111328125,45205800
2024-12-12,245.11120954102955,246.9478867446912,243.90992066775823,246.1735076904297,32777500
2024-12-13,246.03453629863122,247.4939314395242,244.46591792091505,246.34230041503906,33155300
2024-12-16,246.20329464964811,249.56886987487528,245.86573275817128,249.23130798339844,51694800
2024-12-17,248.27824960945253,252.00123197197036,247.98040799068028,251.65374755859375,51356400
2024-12-18,250.34325221557475,252.44797328398425,245.95509905753715,246.2628631591797,56774100
2024-12-19,245.71683140567848,250.184410158509,245.3097817058068,247.99032592773438,60882300
2024-12-20,246.25290739620831,253.1627684475662,243.9198478351204,252.6564483642578,147495300
2024-12-23,252.93444954402884,253.80809906094288,251.62395254537785,253.43084716796875,40858800
2024-12-24,253.64924013847912,256.34962902881983,253.45066898797964,256.3397216796875,23234700
2024-12-26,256.32980188696064,258.2260444048055,255.77383898408218,257.15380859375,27237100
2024-12-27,255.97235604335074,256.83611325991734,251.23673416180412,253.74850463867188,42355300
2024-12-30,250.4127477342041,251.67360197393796,248.9434149702759,250.38296508789062,35557500
2024-12-31,250.6212497119267,251.4551941340452,247.63292614272083,248.6157989501953,39480700
2025-01-02,247.1365264348607,247.3053149666319,240.07776640397734,242.0931396484375,55740700
2025-01-03,241.60667419433594,242.42075849453866,240.147263834766,241.60667419433594,40244100
2025-01-06,242.54980162717402,245.54804748087855,241.4477983095151,243.23483276367188,45045600
2025-01-07,241.22939201717418,243.78088314896328,239.61114601786818,240.46495056152344,40856000
2025-01-08,240.17702168463396,241.95413364050106,238.32049944087447,240.95140075683594,37628900
2025-01-10,238.28079154222544,238.4297199246896,231.32130202918376,235.14356994628906,61710900
2025-01-13,231.84748509521594,232.9792711307645,228.06493742769467,232.71121215820312,49630700
2025-01-14,233.05869925952226,234.41882398797216,230.79512716232853,231.5992889404297,39435300
2025-01-15,232.94947976770305,237.2383625727966,232.74098609709984,236.1562042236328,39832000
2025-01-16,235.63995285298606,236.29518618874627,226.38709407905125,226.6154327392578,71759100
2025-01-17,230.44764042021458,230.6164138035219,226.833866130533,228.32305908203125,68488300
2025-01-21,222.38612124582832,222.80309340530198,217.79941234276583,221.03591918945312,98070400
2025-01-22,218.2064601780486,222.5052654056773,218.2064601780486,222.2173614501953,64126500
2025-01-23,223.12083531174778,225.3943300272927,220.69841220245485,222.04861450195312,60234800
2025-01-24,223.16050188156166,224.00438385368136,219.81478693461753,221.17491149902344,54697900
2025-01-27,222.40601266103107,230.47742834163907,222.36629236472388,228.2039337158203,94863400
2025-01-28,229.18679454547646,238.4594987479956,229.147074251248,236.54339599609375,75707600
2025-01-29,232.43321505583046,238.1318651456976,232.3240069742682,237.63546752929688,45486100
2025-01-30,236.95044029141235,239.05516137192973,235.50096771104396,235.8782196044922,55658300
2025-01-31,245.40906406001392,245.40906406001392,231.75812916176676,234.2996826171875,100959800
2025-02-03,228.3329633332112,230.15970278413624,224.07386363152474,226.36721801757812,73063300
2025-02-04,225.61272492539547,231.45036595591674,225.01704170433482,231.12274169921875,45067300
2025-02-05,226.88350440739822,230.99367626573292,226.625383087866,230.7951202392578,39620300
2025-02-06,229.62361584180033,232.11554171369926,228.7698112868805,231.5397186279297,29925300
2025-02-07,230.9241838961893,232.31409120281862,225.62264568638093,225.989990234375,39707200
2025-02-10,228.16660736242451,229.1803610121675,225.81108525741098,226.25833129882812,33115600
2025-02-11,226.80497424991785,233.79199753404617,226.7354100570617,231.1979522705078,53718400
2025-02-12,229.78663009476247,235.51142789245534,229.26980470124647,235.42196655273438,45243300
2025-02-13,235.4617298072221,240.85852795215618,234.1299251101732,240.05348205566406,53614100
2025-02-14,239.77520922194773,244.0489258287467,239.5168040933544,243.104736328125,40896200
2025-02-18,242.65747382373942,243.6811760890431,240.3615975750387,242.97552490234375,48822500
2025-02-19,243.16435439309654,244.50609250836237,241.6735241546838,243.37306213378906,32204200
2025-02-20,243.4426355672204,245.27138364211797,242.7966000469895,244.3271942138672,32316900
2025-02-21,244.44645306890683,247.1697083342209,243.72091995824803,244.0489044189453,53197400
2025-02-24,243.43269920852308,247.33868242018207,242.92582237394555,245.58944702148438,51326400
2025-02-25,246.48392314447185,248.4716967182176,243.41281661275679,245.52978515625,48013300
2025-02-26,242.8363877176575,243.48240813544444,237.66817887883008,238.89065551757812,44433600
2025-02-27,237.94645181292123,240.9778097055873,235.61081167459415,235.84934997558594,41153600
2025-02-28,235.5014815283524,240.61005923211764,228.7927454203557,240.36158752441406,56833400
2025-03-03,240.31189930334125,242.53821134874983,234.66662916873,236.57489013671875,47184000
2025-03-04,236.25684921580154,238.60242278275774,233.24535811530478,234.4877166748047,53798100
2025-03-05,233.98083809185871,235.1039350742086,227.82867612475383,234.29888916015625,47227600
2025-03-06,233.00684447444675,236.4059358119138,231.73467047090975,233.8914031982422,45170400
2025-03-07,233.67272217403436,239.8944479764648,233.3248557337566,237.6085205078125,46273600
2025-03-10,234.10009611136832,234.71631625547707,222.84930513729455,226.08937072753906,72071200
2025-03-11,222.4418047589131,224.4593937721428,216.1206840338927,219.48995971679688,76137400
2025-03-12,218.79423505763873,220.39439337943787,213.59621144659917,215.65354919433594,62547500
2025-03-13,214.62983690242842,215.51439548794804,207.14587101812543,208.39816284179688,61368300
2025-03-14,209.95857893569573,212.64207016591416,208.29878985935505,212.1848907470703,60107600
2025-03-17,212.00598815128762,213.904315554563,208.6864099217596,212.6917724609375,48073400
2025-03-18,212.85081593904235,213.83475423543342,210.19713981325924,211.38980102539062,42432400
2025-03-19,212.91042558181826,217.42266485537363,212.44329758558237,213.9241943359375,54385400
2025-03-20,212.6818553101102,216.16045933121794,210.92267131595005,212.7911834716797,48862900
2025-03-21,210.26669685360034,217.5021918152461,209.9884097524224,216.93568420410156,94127800
2025-03-24,219.64898417718916,220.1260455978378,217.24377992596973,219.38063049316406,44299500
2025-03-25,219.42039321145907,222.7300380772677,218.73460889257407,222.38217163085938,34493600
2025-03-26,222.1436424317859,223.64442126802376,219.12223310716143,220.17575073242188,34466100
2025-03-27,220.03661426059983,223.61461307047793,219.21168633594712,222.48158264160156,37094800
2025-03-28,220.31488968867507,222.44180687800483,216.34927581514728,216.56793212890625,39818600
2025-03-31,215.6833836525119,224.24075018814546,214.90815310911736,220.7720947265625,65299300
2025-04-01,218.46624988397502,222.31258685550372,217.56180927777046,221.82559204101562,36412700
2025-04-02,219.9670353213626,223.8133724100327,219.66886624627372,222.5213165283203,35905900
2025-04-03,204.2834701562562,206.22156139646,200.01970279192506,201.94784545898438,103419000
2025-04-04,192.7047355778497,198.658123727335,186.19477317599058,187.22842407226562,125910900
2025-04-07,176.11674047268428,192.96311894309866,173.55251067175698,180.3507080078125,160466300
2025-04-08,185.55865310846366,189.17640027021665,168.17558356470508,171.36595153808594,120859500
2025-04-09,170.89883496621582,199.38363475051753,170.83920418374143,197.6343994140625,184395900
2025-04-10,187.9141823452429,193.58926741380884,181.88128226075605,189.25592041015625,121880000
2025-04-11,184.96233608452022,198.32016168749274,184.92257212057936,196.93865966796875,87435900
2025-04-14,210.14745189040866,211.63828226401768,199.93029560984905,201.281982421875,101352900
2025-04-15,200.6259945192588,202.26590170954893,198.57859009217825,200.90428161621094,51343900
2025-04-16,197.1474065096439,199.47309822086447,191.19401850640656,193.08241271972656,59732400
2025-04-17,195.99447418061752,197.61451451967758,193.2314700862815,195.77581787109375,52164700
2025-04-21,192.08849990403363,192.6152586778503,188.64964501381652,191.9791717529297,46742500
2025-04-22,194.92108593270402,200.3576482646354,194.77200897005906,198.5189666748047,52976400
2025-04-23,204.7406939661261,206.72846769395255,201.56025903470575,203.34925842285156,52929200
2025-04-24,203.6374845300284,207.5534013078127,201.69940812530302,207.09620666503906,47311000
2025-04-25,205.10842646651815,208.46776890662989,204.9394675201618,208.00064086914062,38222300
2025-04-28,208.71623364812058,210.2070638884643,206.1917677806294,208.85537719726562,38743100
2025-04-29,207.4142395090872,210.94254069563792,207.09618845243054,209.91883850097656,36827600
2025-04-30,208.0205233254963,212.2743578831654,205.4065960245207,211.20095825195312,52286500
2025-05-01,207.80185982414434,213.2483553954001,207.62295230903422,212.0159454345703,57365700
2025-05-02,204.8301167579532,205.72462393265195,200.92414910817757,204.0946502685547,101010600
2025-05-05,201.85843431656065,202.8523212109494,196.99832800962005,197.67416381835938,69018500
2025-05-06,196.9983091053983,199.42338015596502,195.81558138809015,197.2964630126953,51216500
2025-05-07,197.9524407308952,198.2207944248892,192.0686324392914,195.05029296875,68536700
2025-05-08,196.51128929096475,198.82704723676696,193.4898650803139,196.28269958496094,50478900
2025-05-09,197.78348851905432,199.3140676367793,196.33240700583877,197.3163604736328,36453900
2025-05-12,209.95528044040137,210.25384054136518,205.75557652693038,209.77613830566406,63775800
2025-05-13,209.4178625594749,212.3735786127325,207.99474788922345,211.9058380126953,51909300
2025-05-14,211.40822571910564,212.9109724892217,209.56713314477625,211.3087158203125,49325800
2025-05-15,209.9353730316401,211.93571508448807,208.53215118256114,210.43296813964844,45029500
2025-05-16,211.33859654598928,211.54759317457453,208.76105751069144,210.24388122558594,54737900
2025-05-19,206.90999202317107,208.47243269467637,203.2775387890809,207.7758026123047,46140500
2025-05-20,206.6711529249315,207.4673081447902,204.04385132917625,205.86505126953125,42496600
2025-05-21,204.1831685508297,206.04416933851562,199.74462882701684,201.11798095703125,59211800
2025-05-22,199.74461200022,201.77479312617928,198.73946027881726,200.3914794921875,46742400
2025-05-23,192.7384848883374,196.74910019358438,192.5295034494263,194.33079528808594,78432900
2025-05-27,197.34622283817185,199.77448939448533,196.4803970243206,199.24703979492188,56288500
2025-05-28,199.6251894151235,201.75489573800118,198.9385057789635,199.4560089111328,45339700
2025-05-29,202.60081106845576,202.8297005493605,197.55518975609246,198.98826599121094,51396800
2025-05-30,198.41106448584634,200.98861863398105,195.8335255231089,199.8839569091797,70819900
2025-06-02,199.31669015009302,201.15779807678393,199.15745607510846,200.7298583984375,35423300
2025-06-03,200.38153417950807,202.78989241693247,199.99341064507593,202.29229736328125,46381600
2025-06-04,201.93404589483336,205.24803106286797,201.12794426741362,201.844482421875,43604000
2025-06-05,202.5212149488215,203.76520275563243,199.18732155240895,199.66502380371094,55126100
2025-06-06,202.0236053289331,204.7106157617459,201.07817770068002,202.93917846679688,46607700
2025-06-09,203.40692547634254,205.0091823144686,199.05794913802782,200.48106384277344,72862600
2025-06-10,199.63513956616538,203.36710243054736,199.60528507808198,201.69517517089844,54672600
2025-06-11,202.5211970741936,203.51638723180633,197.45568281643992,197.8238983154297,60989900
2025-06-12,198.12246436103902,198.71956936233477,196.4107360236097,198.24188232421875,43904600
2025-06-13,198.7693188209708,199.4062398916536,194.758703844025,195.50509643554688,51447300
2025-06-16,196.3510442175849,197.73435809187652,195.61459794763022,197.4656524658203,43020700
2025-06-17,196.2514839890114,197.43576263348734,194.27106541566712,194.69898986816406,38856200
2025-06-18,194.9975394291991,196.61970405840015,194.1317289512304,195.63446044921875,45394700
2025-06-20,197.28648401151844,200.7298331336299,195.91311686208,200.033203125,96813500
2025-06-23,200.6602023375907,201.3269779408771,198.00304635957568,200.53082275390625,55814300
2025-06-24,201.61557243039425,202.46149014710028,199.23706853700068,199.3365936279297,54064000
2025-06-25,200.48107411867477,202.69039770275842,199.6550643835986,200.59054565429688,39525700
2025-06-26,200.46112756408863,201.66531422467375,198.50061710601423,200.033203125,50799100
2025-06-27,200.91892502298623,202.2425296541318,199.03801637565215,200.11282348632812,73188600
2025-06-30,201.03834688076608,206.39247448465787,198.30157410241034,204.1831512451172,91912800
2025-07-01,205.6759415551798,209.17901505124104,205.1484920031366,206.82041931152344,78788900
2025-07-02,207.90517762155153,212.3138626915596,207.13887695509675,211.41819763183594,67941800
2025-07-03,211.12959751601144,213.61757304735917,210.79123648824356,212.5228729248047,34955800
2025-07-07,211.65703516300363,215.18996325511674,207.79570768244494,208.94017028808594,50229000
2025-07-08,209.08947184941582,210.41306148236814,207.44739887083225,208.99989318847656,42848900
2025-07-09,208.52219391164948,210.31353924447487,206.22330706177223,210.12445068359375,48749400
2025-07-10,209.49746585002458,212.45318170934252,209.01977884626095,211.38833618164062,44443600
2025-07-11,209.55718962168862,211.1096837700706,208.85059795908091,210.14434814453125,39765800
2025-07-14,208.92025854176603,209.89555581124029,206.54175471753558,207.61656188964844,38840100
2025-07-15,208.21368905566166,210.87084499335577,207.9151289669034,208.10421752929688,42296300
2025-07-16,209.28851120731298,211.37840160704656,207.63649175890595,209.14918518066406,47490500
2025-07-17,209.55718424596662,210.7812638030366,208.58188702565155,209.00982666015625,48068100
2025-07-18,209.85573909301036,210.77131219576944,208.69136845628208,210.16424560546875,48974600
2025-07-21,211.07983063398711,214.74212298846783,210.61209006251647,211.45799255371094,51377400
2025-07-22,212.1148553884699,213.9161473632002,211.20922859038384,213.36878967285156,46404100
2025-07-23,213.96589762082587,214.11517007989065,211.38835859165647,213.11997985839844,46989300
2025-07-24,212.87116805528336,214.65256693634578,212.50295255730364,212.73184204101562,46022600
2025-07-25,213.6673206036272,214.2047317845148,212.37357038101962,212.8512725830078,40268800
2025-07-28,213.000569237894,213.8166325366559,212.03523347491873,213.02047729492188,37858000
2025-07-29,213.14982178903043,213.7767964509494,209.80599741985404,210.2538299560547,51411700
2025-07-30,210.88079278566187,211.36844143995228,206.72090512781878,208.0445098876953,45512500
2025-07-31,207.48719786288635,208.83069544134486,206.16359315375274,206.57162475585938,80698400
2025-08-01,209.8557561748323,212.5527283441607,200.530828701964,201.40660095214844,104434500
2025-08-04,203.52634207300898,206.88014336875773,200.70995198839026,202.37193298339844,75109300
2025-08-05,202.42167200915333,204.35234334482283,201.18764593221573,201.94398498535156,44155100
2025-08-06,204.64097466073486,214.34407953630614,204.60115854716602,212.2243194580078,108483100
2025-08-07,217.82723230897543,219.78775818606874,215.53829184895108,218.97169494628906,90224800
2025-08-08,219.76784743364436,229.88892965735022,218.19544514014734,228.2468719482422,113854000
2025-08-11,227.08116933177635,228.71513292468896,223.9327956372812,226.34388732910156,61806100
2025-08-12,227.17083074525974,229.95057099439725,226.23430307406312,228.80479431152344,55626200
2025-08-13,230.2195756343437,234.1351043372746,229.58191650034667,232.47125244140625,69878500
2025-08-14,233.1985666998313,234.25466305951576,230.0003892485326,231.92327880859375,51916300
2025-08-15,233.13877413921495,233.41774239633352,228.49592139875156,230.73764038085938,56038700
2025-08-18,230.8472538899505,232.26202593201924,229.26310933608104,230.0402374267578,37476200
2025-08-19,230.4287923573085,232.01293684851592,228.50590285589897,229.71144104003906,39402600
2025-08-20,229.1335667246527,229.6217687789582,224.93906991665554,225.1781768798828,42263900
2025-08-21,225.43723377620466,225.6863136691638,222.95639256938466,224.072265625,30621200
2025-08-22,225.33759321802492,228.2468445109381,224.5803958248437,226.92173767089844,42477800
2025-08-25,225.64645413109014,228.45608264282492,225.3973742361901,226.32395935058594,30983100
2025-08-26,226.03502689374838,228.6453946309622,223.86305742355088,228.46604919433594,54575100
2025-08-27,227.76862267507164,230.05018785299507,227.41990473660533,229.64170837402344,31259500
2025-08-28,229.97051505486425,232.55097936868034,228.49595098757067,231.7041015625,38074700
2025-08-29,231.65426265633033,232.52107103838586,230.51845893056873,231.28562927246094,39418400
2025-09-02,228.4062860305561,230.00040359535532,226.13467838242784,228.8745574951172,44075600
2025-09-03,236.33697373754433,237.9709372370204,233.49745685978084,237.5923309326172,66427800
2025-09-04,237.57239985348932,239.0170601981439,235.8687018920251,238.8975067138672,47549400
2025-09-05,239.1167179897741,240.43186723598095,237.61228077870243,238.807861328125,54870400
2025-09-08,238.41928864081726,239.2661511981365,235.47017586985078,237.0045166015625,48999500
2025-09-09,236.12775932745953,237.90120710535396,232.5011563745861,233.48751831054688,66313900
2025-09-10,231.33545739080094,231.56460664903227,225.118417424808,225.955322265625,83440800
2025-09-11,226.04499474029723,229.60184779162614,225.81583028738913,229.1833953857422,50208600
2025-09-12,228.37638560886936,233.6469097348115,228.17712472443904,233.2085418701172,55824200
2025-09-15,236.1277410783948,237.31336381412066,234.16499028444412,235.82884216308594,42699500
2025-09-16,236.30708253667353,240.33222235518573,235.45026224943368,237.2735137939453,63421100
2025-09-17,238.09049720761,239.21634322602875,236.85505542454314,238.1104278564453,46508000
2025-09-18,239.08682096339746,240.31228984200703,235.77903252032195,237.0045166015625,44249600
2025-09-19,240.34217704154452,245.3935247988757,239.32594197772087,244.59646606445312,163741300
2025-09-22,247.38616206443075,255.69547916115815,247.2068166293636,255.13751220703125,105517400
2025-09-23,254.93828225227924,256.3929004583055,252.64674396870498,253.4936065673828,60275200
2025-09-24,254.28068708944184,254.7987775332095,250.11606329601622,251.3813934326172,42303700
2025-09-25,252.27810324622078,256.22353571779615,250.7836237831838,255.92462158203125,55202100
2025-09-26,253.16481067495934,256.6519291955366,252.84598111295833,254.51980590820312,46076300
2025-09-29,253.6231329894407,254.06151607705354,252.07883445903423,253.4936065673828,40127700
2025-09-30,253.92203562343897,254.9781320575181,252.17847617402816,253.69288635253906,37704300
2025-10-01,254.10134722927504,257.83756097799323,253.9917514638179,254.5098419189453,48713900
2025-10-02,255.63566078088252,257.229778167004,253.21461153357077,256.18365478515625,42630200
2025-10-03,253.73271197999827,258.2858846694617,253.01536064819075,257.07037353515625,49155600
2025-10-06,257.0404730386864,258.11651518827176,254.11130630837613,255.74526977539062,44664100
2025-10-07,255.86484387966763,256.45266881763376,254.48991791397023,255.53607177734375,31955800
2025-10-08,255.57591915435188,257.5685585594684,255.16742442767125,257.1102600097656,36496900
2025-10-09,256.8611554198282,257.0504585775582,252.2083446799687,253.1050262451172,38322000
2025-10-10,254.0017340209507,255.43643674947074,243.10199461677743,244.36732482910156,61999100
2025-10-13,248.46219085423505,248.7710475029622,244.6562426215344,246.74851989746094,38142900
2025-10-14,245.69241642712313,247.93413549962378,243.79940008876653,246.8581085205078,35478000
2025-10-15,248.57178982967116,250.89321639065437,246.559219921403,248.42233276367188,33893600
2025-10-16,247.33633482463924,248.1234206007849,244.2278226113223,246.53927612304688,39777000
2025-10-17,247.10719170360767,252.44746537322095,246.35995200283696,251.36146545410156,49147000
2025-10-20,254.94822099113512,263.4069798400544,254.68918336894043,261.27484130859375,90483000
2025-10-21,260.9161783410852,264.3136317818121,260.86634411857244,261.8028869628906,46695900
2025-10-22,261.6833338430701,261.882609922878,254.4899051977633,257.4988098144531,45015300
2025-10-23,258.98329410338334,259.66078406832133,257.06040475940137,258.6246032714844,32754900
2025-10-24,260.2287163700197,263.15789839957887,258.22610426270086,261.85272216796875,38253700
2025-10-27,263.9051197703755,268.1295048126629,263.6759553344934,267.8206481933594,44888200
2025-10-28,267.9999758056659,268.896687690681,267.16307106420925,268.00994873046875,41534800
2025-10-29,268.28892986747474,270.4110953948544,266.1269030442272,268.7073974609375,51086700
2025-10-30,270.98894793982623,273.1310593223432,267.49188695276854,270.401123046875,69886500
2025-10-31,275.9705701844509,276.29937269597025,268.16940070155243,269.37493896484375,86167100
2025-11-03,269.42476736726525,269.8531775103368,265.2701011373342,268.0597839355469,50194600
2025-11-04,267.3424142382169,270.49078769741067,266.6350358638735,269.046142578125,49274800
2025-11-05,267.6214146886098,270.7000692568828,265.94760492323326,269.14581298828125,43683100
2025-11-06,266.90407480138714,272.3937751745226,266.90407480138714,268.7771301269531,51204000
2025-11-07,268.80702532983145,271.2878818962731,265.7881780523408,267.48193359375,48227400
2025-11-10,268.2298525605972,272.98692304032335,266.733924572705,268.6985778808594,41312400
2025-11-11,269.07757258136417,275.16101963639426,269.0675899882029,274.5028076171875,46208300
2025-11-12,274.2535066981436,274.9815360542478,270.9624767916609,272.7276611328125,48398000
2025-11-13,273.36590026791555,275.9488963676571,271.3513946141157,272.2090759277344,49602800
2025-11-14,270.31420819279356,275.21088338895913,268.8681625557137,271.6705322265625,47431300
2025-11-17,268.0903024129557,269.75575219797963,265.00869378967747,266.7339782714844,45018300
2025-11-18,269.25705465795,269.97510130800674,264.59974924229334,266.7139892578125,45677300
2025-11-19,264.80921977983166,271.47107967039307,264.77930243197466,267.83099365234375,40424500
2025-11-20,270.09480618650156,274.68232536305425,265.1981613886433,265.5272521972656,45823600
2025-11-21,265.2280517805383,272.5879921198442,264.9488130991126,270.75299072265625,59030800
2025-11-24,270.164627965921,276.24807542504453,270.164627965921,275.1710205078125,65585800
2025-11-25,274.52277261748515,279.6189174225992,274.50283786370125,276.2181701660156,46914200
2025-11-26,276.2081750495132,278.7712060098946,275.8790842359358,276.79656982421875,33431400
2025-11-28,276.50736791500816,278.242634823177,275.2407959413455,278.0930480957031,20135600
2025-12-01,277.2553332443013,282.65065109438723,275.3904143522869,282.3315124511719,46587700
2025-12-02,282.231773534172,286.619823290159,281.86278279875575,285.4131164550781,53669500
2025-12-03,285.4230848596457,287.8364984098337,282.5309329409685,283.3786315917969,43538700
2025-12-04,283.3287830094401,283.95707766942763,277.83373081751637,279.9380187988281,43989100
2025-12-05,279.77845592816414,280.37683325787106,277.2951945750906,278.0232238769531,47265800
2025-12-08,277.37501993231956,278.91084811822003,275.4003836933047,277.13568115234375,38211800
2025-12-09,277.40493251311347,279.2698514894354,276.16830825817004,276.4275817871094,32193300
2025-12-10,276.9960211276047,278.9905919368044,275.68957968235776,278.0232238769531,33038300
2025-12-11,278.34237127554803,278.8310314000742,273.0667227973629,277.2752685546875,33248000
2025-12-12,277.14562382282355,278.4620479370953,276.0685689150702,277.52459716796875,39532900
2025-12-15,279.3894873363706,279.3894873363706,272.0993337942639,273.3658752441406,50409100
2025-12-16,272.07941349564567,274.752131096348,271.0522107383373,273.8645324707031,37648600
2025-12-17,274.2634896625032,275.41036187784255,270.9026424636208,271.1020812988281,50138700
2025-12-18,272.86723904028526,272.8872042261758,266.22534517191764,271.45111083984375,51630700
2025-12-19,271.41126100078174,273.854622814086,269.1673684747946,272.9271545410156,144632000
2025-12-22,272.1192896847017,273.13654030849926,269.7756932559407,270.23443603515625,36571800
2025-12-23,270.1048034873943,271.7603010837797,268.8282792538215,271.62066650390625,29642000
2025-12-24,271.60070067851706,274.6823088952694,271.46109654935304,273.06671142578125,17910600
2025-12-26,273.41578359787746,274.6224904749486,272.11929424741834,272.6578369140625,21521800
2025-12-29,271.9497734782625,273.61522314661676,271.6107000753325,273.0168762207031,23715200
2025-12-30,272.06942798009953,273.3359694836473,271.54086793463244,272.33868408203125,22139600
2025-12-31,272.3187639976345,272.9370761103812,271.0123224859311,271.12200927734375,27293600
2026-01-02,271.52095990203577,277.0857995993762,268.26979943372277,270.27435302734375,37838100
2026-01-05,269.9053759278346,270.7730094869922,265.41759095171795,266.5345458984375,45647200
2026-01-06,266.27521573774703,266.82371056256306,261.40845786144683,261.6477966308594,52352100
2026-01-07,262.485556491205,262.96423405428067,259.10474402829175,259.6233215332031,48309800
2026-01-08,256.3222864925608,258.58614386359903,255.00587765735156,258.3368225097656,50419300
2026-01-09,258.3767027680543,259.5036402038468,255.52448097015204,258.6659240722656,39997000
2026-01-12,258.45648066308013,260.5906555331263,256.1028713590674,259.54351806640625,45263800
2026-01-13,258.01770778709204,261.0993163539261,257.68861696081353,260.34136962890625,45730800
2026-01-14,258.78557762508564,261.1092696408236,256.0131254420647,259.2543029785156,40019400
2026-01-15,259.9424426175537,260.3313985459844,256.35220896361545,257.5090637207031,39388600
2026-01-16,257.1999111311508,258.1971965798445,254.23797213114116,254.8363494873047,72142800
2026-01-20,252.04394930256512,254.09835490933511,242.75922413209136,246.0303192138672,80267500
2026-01-21,248.02489020045314,250.87712721718017,244.51444112970407,246.9777374267578,54641700
2026-01-22,248.52352576906395,250.31864258405668,247.47637302553753,247.67584228515625,39708300
2026-01-23,246.64863719927277,248.73296007338791,244.0157890837153,247.36666870117188,41689000
2026-01-26,250.7973501838168,255.86356228737432,249.121917868832,254.71669006347656,55969200
2026-01-27,258.4664899667647,261.2389423700868,257.5090739976807,257.56890869140625,49648300
2026-01-28,256.95057275810245,258.1572795494081,253.81909726521187,255.74386596679688,41288000
2026-01-29,257.29964922744847,258.94516415300217,253.7193980705993,257.5788879394531,67253000
2026-01-30,254.4773517832236,261.1890792690021,251.49546251262876,258.7756652832031,92443400
2026-02-02,259.3241487899344,269.7557466562268,258.50636737104884,269.2770690917969,73913400
2026-02-03,268.4692659190308,271.1419837262723,266.88355520832346,268.7485046386719,64394700
2026-02-04,271.55083028665655,278.19275421850585,271.55083028665655,275.7394104003906,90545700
2026-02-05,277.3749854862336,278.7412615768201,272.48829324857786,275.1610107421875,52977400
2026-02-06,276.3677353153735,280.14745564173626,276.1782486476445,277.3650207519531,50453400
2026-02-09,277.41494619870406,277.70443813431814,271.2160169672847,274.13079833984375,44623400
2026-02-10,274.40031021957236,274.87943562430115,272.4537718732244,273.19244384765625,34376900
2026-02-11,274.2106536370846,279.6808719096702,273.9610989943363,275.00921630859375,51931300
2026-02-12,275.09909064411113,275.22886395053104,259.7165366668213,261.2637939453125,81077200
2026-02-13,261.5432690161623,261.7628783299504,254.9949421084194,255.32435607910156,56290700
2026-02-17,257.5903108294174,265.8156532326085,255.08478749757862,263.4099426269531,58469100
2026-02-18,263.13045584681157,266.3447212846438,261.9825104325609,263.8791198730469,34203300
2026-02-19,262.13220471573277,264.00886051677537,259.5867290635135,260.11578369140625,30845300
2026-02-20,258.50868117461044,264.2783836675007,257.7001265171608,264.1086730957031,42070500
2026-02-23,263.0206001676805,268.95002088588865,262.91081074777924,265.705810546875,37308200
2026-02-24,267.38283777638213,274.4003442568012,267.233111068832,271.6552429199219,47014600
2026-02-25,271.29586819299504,274.45024283739696,270.567157599074,273.74151611328125,33714300
2026-02-26,274.4602128097023,275.61811956353745,270.31758130113775,272.4637756347656,32345100
2026-02-27,272.3240124520744,272.3240124520744,262.4217010495403,263.7093811035156,72366500
2026-03-02,261.94253069595567,266.05518620599753,259.73647625260065,264.2484130859375,41827900
2026-03-03,263.0106738027697,265.08695529305965,259.6666350681776,263.2801818847656,38568900
2026-03-04,264.17854815272653,265.67587606267574,260.95432154975975,262.0523376464844,39803100
2026-03-05,260.3254337562426,261.09405110124777,256.79173142961054,259.8263244628906,49658600
2026-03-06,258.16927189629365,258.3090066542827,253.916851068475,257.0013427734375,41120000
2026-03-09,255.2345148744848,260.68477987096253,253.22808575123491,259.41705322265625,38218500
2026-03-10,257.19102845716964,262.01244158439727,256.4922936817907,260.3653564453125,30590800
2026-03-11,260.62486739620806,261.6630231774062,259.08760235948154,260.3453674316406,26218900
2026-03-12,258.1992253881205,258.48871731031414,253.72719511663234,255.30438232421875,40794000
2026-03-13,255.024890934378,255.87336762960538,249.07551643845036,249.6744384765625,36930000
2026-03-16,251.66090222791988,253.43773019062647,249.4348789230203,252.36964416503906,32074200
2026-03-17,252.5093881906664,254.67552076289968,251.7307636559193,253.77711486816406,32361600
2026-03-18,252.1799767808244,254.48585937367065,248.55643828829037,249.49476623535156,35757900
2026-03-19,248.95572868612365,251.38140795985734,246.85947863088072,248.5165252685547,34864100
2026-03-20,247.53824109812177,248.75606899357115,245.56177255944445,247.54823303222656,88331100
2026-03-23,253.51758537106093,254.14646797882926,249.83415620831627,251.04200744628906,40546100
2026-03-24,249.90403139868116,254.37604644028636,249.10545347620703,251.1917266845703,45152300
2026-03-25,253.6473574345128,254.5457480998694,251.15181088451408,252.16998291015625,28476700
2026-03-26,251.67088153367666,256.5421934269488,250.32329549316128,252.43951416015625,41796700
2026-03-27,253.4477020992108,255.03488128462607,247.6281009352486,248.35679626464844,47900000
2026-03-30,249.62453299565456,250.4230956915925,245.07264337813007,246.19065856933594,39446200
2026-03-31,247.46837564153284,255.02488248828539,246.65982101631488,253.337890625,49598100
2026-04-01,253.62737973002484,255.7236296181179,252.8787157917901,255.17462158203125,40059400
2026-04-02,253.74717405681358,255.6737439434535,250.20349485503914,255.464111328125,31289400
2026-04-06,256.053045051996,261.6929736576745,256.003115847535,258.3988342285156,29329900
2026-04-07,255.70368128016966,255.7436185540334,245.2623079794448,253.0484161376953,62148000
2026-04-08,257.98960165960847,259.2872736156141,256.0730086009651,258.43878173828125,41032800
2026-04-09,258.5386040524215,260.65482250105316,255.6138310165902,260.02593994140625,28121600
2026-04-10,259.5168819122501,261.7229364827484,258.5585701252562,260.0159912109375,31291500
2026-04-13,259.2673359057164,259.71651601158027,256.2027973984465,258.73828125,36234700
2026-04-14,258.78816168339415,261.4633801130582,256.73183388682423,258.368896484375,48370700
2026-04-15,257.7001261657452,266.08515659729386,257.35074355126085,265.95538330078125,49913500
2026-04-16,266.3246925362851,266.6840670491935,260.804545264895,262.9307556152344,43323100
2026-04-17,266.4844323486072,271.8149160854778,266.24486962975914,269.7486267089844,61436200
2026-04-20,269.84841238867654,273.7913879220191,269.80850557942483,272.5635681152344,36590200
2026-04-21,271.0163536236942,272.3140256362382,264.9272139873882,265.69586181640625,50209800
2026-04-22,267.3429346055621,273.2523721409737,266.39461467279705,272.68341064453125,43249200
2026-04-23,274.56001085217736,275.2787294551341,271.1660737405759,272.9429016113281,33399600
2026-04-24,272.2741016414235,272.5735550213531,269.16962610782736,270.5771179199219,38157100
2026-04-27,265.6159889280984,267.88193422863776,264.59781690250213,267.1332702636719,41466800
2026-04-28,271.8548539018017,272.7432830913257,268.181416710472,270.2277526855469,40018900
2026-04-29,267.07336249706583,270.55716597281076,266.56429174844374,269.688720703125,30047900
2026-04-30,270.018146234023,275.50834883767226,267.6623648300734,270.86663818359375,91848200
2026-05-01,278.36321169794013,286.7083346607987,277.87409435408995,279.6409606933594,79915400
2026-05-04,279.16182884121525,280.13010214166496,274.3703610857382,276.33685302734375,46668400
2026-05-05,276.43668191704,284.0630869835518,276.00745521106614,283.67376708984375,49311700
2026-05-06,281.4177950537395,287.5168959460148,280.5693031693742,286.9978332519531,58336100
2026-05-07,288.75467457606095,291.60959552514373,285.2709015174152,286.9279479980469,45224300
2026-05-08,289.49338424193445,294.2349225642168,289.48339230776435,292.7974853515625,52692800
2026-05-11,291.72841688276577,293.6267735875138,289.979924827367,292.42779541015625,42247300
2026-05-12,292.3078994315659,295.0155556946294,292.3078994315659,294.54595947265625,45748100
2026-05-13,293.24708951115105,300.6607090744109,293.24708951115105,298.6124572753906,52684300
2026-05-14,299.5616620172475,300.1911240450107,295.12548538387824,297.9530334472656,35324900
2026-05-15,297.643304079477,302.93875555297063,296.26448829773227,299.9713134765625,54862800
2026-05-18,299.98126929450746,300.4009207908792,294.6558756451712,297.5833435058594,34483000
2026-05-19,296.7140952726279,300.2510533099592,296.09463441963413,298.7123718261719,42243600
2026-05-20,297.9230626302997,302.5390768782648,297.82314269813475,301.98956298828125,38229800
2026-05-21,300.80056674721834,305.27671719779084,300.1411318265125,304.7271728515625,42965100
2026-05-22,305.85620846339293,311.13165741506583,305.57645096183757,308.55389404296875,43670200
2026-05-26,309.29325163060713,311.5513139598484,307.4048960873393,308.0643005371094,48000500
2026-05-27,308.0643052358437,312.9900803339556,308.0343323058515,310.5821533203125,50430900
2026-05-28,310.412282475935,312.5304508120942,309.30325358892543,312.24072265625,48220400
2026-05-29,311.5113496628706,314.7285763294451,309.2632884033746,311.7911071777344,70026800
2026-06-01,309.363197507879,310.67206624496237,304.7571540774977,306.0460510253906,48849900
2026-06-02,307.1950545511415,315.1781903378333,306.42572903356995,314.92840576171875,44534700
2026-06-03,313.9092501546009,316.6668815001487,308.5838566628498,309.9926452636719,50836700
2026-06-04,312.96009909963743,313.26982953176514,309.38316692864953,310.9618225097656,44869100
2026-06-05,312.5903972939029,314.8984348439246,306.8853260765596,307.0751647949219,65310500
2026-06-08,308.4739595974908,317.1265012321255,300.9105055796523,301.2801818847656,77949100
2026-06-09,300.0212482417878,300.4908444635933,287.5320194610898,290.29962158203125,70108800
2026-06-10,290.4894628291428,294.4960172141002,287.1323727394638,291.3287353515625,52793300
2026-06-11,293.4668864344149,296.7440586571729,289.3404406054596,295.375244140625,42572500
2026-06-12,295.7749221682621,296.88398158337014,289.3704417369658,290.879150390625,38742100
2026-06-15,293.8665449684006,297.5233947188816,291.4486474146935,296.1645812988281,45732600
2026-06-16,294.99559499590845,300.2210994929347,293.71669913987887,298.9821472167969,39874400
2026-06-17,300.59074812548096,301.8096980081642,294.10632015937927,295.6949768066406,42745100
2026-06-18,297.8530937792582,300.31099586682666,295.3652492546472,297.7532043457031,85962200
2026-06-22,297.05381866220307,302.1594314563154,296.5043047694293,296.75408935546875,44879900
2026-06-23,297.2836155142734,301.3800886038737,293.9264950024863,294.04638671875,52010900
2026-06-24,295.1054570720635,299.4417438827621,292.68755959702736,292.8274230957031,53081900
2026-06-25,287.1523472601469,288.55113481081804,273.5141152813601,274.91290283203125,107013700
2026-06-26,274.7630284991681,285.70360492137456,273.9737007161028,283.53546142578125,261775500
2026-06-29,286.4829438934296,288.12151489662153,279.6088673150861,281.4972229003906,66427000
2026-06-30,280.9277417485351,289.69017405322865,280.45814550695326,289.11065673828125,65100200
2026-07-01,293.1871503157195,296.33442991747245,288.95081360688545,294.1263427734375,50164200
2026-07-02,293.866538367699,309.15337194761725,293.4269150966668,308.3640441894531,75352800
2026-07-06,307.0951430290638,313.9292760509671,306.7354678654279,312.3905944824219,53590000
2026-07-07,315.0183186077797,315.20815732134815,309.88273318392555,310.3923034667969,42490000
2026-07-08,311.6412289475945,314.5487250421545,306.7854009831778,313.1199645996094,41323500
2026-07-09,310.24243869469103,316.2572401947346,307.8944576262147,315.947509765625,48124500
2026-07-10,314.4488202226986,316.6369356310425,311.9010296470402,315.0483093261719,34132300
2026-07-13,316.7468014245228,323.171283634363,315.5078797345754,317.03656005859375,43257800
2026-07-14,313.48965629761443,315.91755515351207,311.64124426456783,314.58868408203125,36336800
2026-07-15,317.34631234952286,328.44675508114506,317.0465830462295,327.2178039550781,60957600
2026-07-16,327.72736328456057,334.3915986652446,326.50841333986017,332.97283935546875,62970600
2026-07-17,331.693929977533,334.7013154010385,328.71648699084636,333.452392578125,63407100
2026-07-20,333.2226134619852,333.4224228207836,323.4010672140761,326.3085632324219,53468000
2026-07-21,322.85156758462244,329.3159936819017,321.94234806189104,327.45758056640625,41338900
2026-07-22,327.58746619388995,328.7164973399543,323.0613709608057,325.60919189453125,38755900
2026-07-23,321.4527900194849,323.0214140443725,319.0748358849152,321.3828430175781,40840800
2026-07-24,321.5127284115298,334.0818750563203,321.3428614810286,332.7330322265625,47489400
2026-07-27,334.2517370375488,339.277401491225,333.73216560461384,336.61968994140625,49604300
2026-07-28,339.73698155301014,342.59453283396704,335.31080637618777,339.78692626953125,51859000
2026-07-29,339.43727163464206,344.2730974331505,337.0593175600121,337.8985900878906,56090800
2026-07-30,332.8129674612056,334.4615395264105,329.30598233808786,333.1426696777344,74817800
2026-07-31,304.54735603914753,310.4222943774597,299.7415030462749,308.6438293457031,132489100
2026-08-03,309.313234694189,311.5313230344714,302.29929450581176,303.1585693359375,75052000
2026-08-04,302.46913991298527,310.1525156602479,301.0603512911937,309.1134033203125,68001000
2026-08-05,309.09342362565195,311.4414048335362,305.40663118634393,310.7320251464844,49438800
2026-08-06,314.06913775686996,316.0174696892129,308.96355554648414,312.14080810546875,46139900
2026-08-07,311.1816431226555,314.53873325457766,310.47223295908327,313.05999755859375,34437200
2026-08-10,306.8299865722656,308.260009765625,304.6099853515625,308.260009765625,44812500
2026-08-11,307.75,309.9700012207031,302.7900085449219,304.9100036621094,37476700
2026-08-12,305.1000061035156,305.6600036621094,300.57000732421875,302.25,41657800
2026-08-13,304.2099914550781,306.0,302.04998779296875,305.260009765625,40349300
2026-08-14,306.0,307.489990234375,304.29998779296875,305.92999267578125,28229400
2026-08-17,306.2099914550781,307.6600036621094,302.94000244140625,305.5899963378906,38169300
2026-08-18,307.5799865722656,311.489990234375,305.739990234375,310.0299987792969,53424500
2026-08-19,310.1400146484375,319.2799987792969,309.6000061035156,316.8299865722656,50505600
2026-08-20,317.4599914550781,320.2799987792969,310.6499938964844,311.29998779296875,40959200
2026-08-21,312.04998779296875,312.3800048828125,307.010009765625,309.3500061035156,46876800
2026-08-24,311.4700012207031,313.3599853515625,309.9700012207031,310.3399963378906,34673600
2026-08-25,310.7900085449219,313.5899963378906,308.2099914550781,309.8999938964844,25869800
2026-08-26,310.29998779296875,315.42999267578125,308.79998779296875,313.45001220703125,34024500
2026-08-27,310.54998779296875,315.3999938964844,309.3999938964844,314.5799865722656,32419200
2026-08-28,316.8500061035156,322.3699951171875,315.45001220703125,319.70001220703125,38649400
2026-08-31,319.6000061035156,321.239990234375,312.79998779296875,316.8500061035156,41242700
2026-09-01,316.9800109863281,327.29998779296875,314.7300109863281,325.1300048828125,53167400
2026-09-02,326.8699951171875,328.3999938964844,323.5299987792969,324.9599914550781,33776400
2026-09-03,324.8699951171875,330.80999755859375,324.1099853515625,328.2099914550781,37225800
2026-09-04,328.30999755859375,328.92999267578125,317.8599853515625,319.9700012207031,39606900
2026-09-08,317.1000061035156,320.70001220703125,314.8999938964844,316.2200012207031,35477100
2026-09-09,315.489990234375,319.1499938964844,309.8999938964844,315.3399963378906,65640000
2026-09-10,316.6700134277344,326.739990234375,316.510009765625,326.57000732421875,70011900
2026-09-11,327.45001220703125,336.2200012207031,326.29998779296875,332.2699890136719,50716900
2026-09-14,334.7900085449219,335.5,331.3399963378906,333.0799865722656,39269100
2026-09-15,330.1400146484375,331.7799987792969,328.3500061035156,331.3399963378906,31748200
2026-09-16,332.5299987792969,335.4800109863281,330.70001220703125,332.4100036621094,35981000
2026-09-17,334.7699890136719,338.3399963378906,330.17999267578125,337.0,36700200
2026-09-18,337.9100036621094,338.489990234375,332.5299987792969,336.1300048828125,86588200
2026-09-21,335.2799987792969,339.6400146484375,333.04998779296875,338.9800109863281,34999200
2026-09-22,340.1400146484375,345.3399963378906,338.75,339.75,40711800
2026-09-23,341.0799865722656,341.79998779296875,335.5,337.0199890136719,31658800
2026-09-24,336.7200012207031,338.9100036621094,334.29998779296875,335.9200134277344,24733100
2026-09-25,336.0400085449219,341.6700134277344,334.5299987792969,341.07000732421875,30002500
2026-09-28,340.3699951171875,342.989990234375,338.0400085449219,338.3999938964844,32820800
2026-09-29,336.9700012207031,337.0899963378906,328.70001220703125,329.3999938964844,38478000
2026-09-30,330.79998779296875,339.5,330.1400146484375,333.0199890136719,49988600
2026-10-01,330.0,332.4800109863281,325.80999755859375,330.32000732421875,36306300
2026-10-02,333.260009765625,334.5400085449219,330.6099853515625,333.69000244140625,33245500
